frame,trunk_angle_skin,trunk_angle_joints,neck_angle_skin,neck_angle_joints,left_arm_angle,right_arm_angle
0,43.70522938146637,42.222185964882456,0.7227103,-9.567451,27.454212,50.334743
1,45.6439392509316,43.68487683705896,0.7869176,-9.211773,26.544746,53.469246
2,50.41325093149826,47.75531541712053,2.1467054,-7.4807463,22.920189,59.8809
3,49.65762576417515,46.07358649111805,2.7584648,-6.436509,22.244488,58.724476
4,47.64619618953216,43.593956765590555,3.698541,-5.429956,21.247168,53.336834
5,45.74480428054982,41.53993699958798,4.05929,-5.0113606,27.816208,48.55844
6,45.87767938406686,41.258156291431945,4.822932,-4.11948,28.794672,43.677223
7,43.64024479825796,39.0781356753765,4.1313543,-4.821995,37.44423,41.3176
8,43.42167251686576,38.5648752683564,4.335633,-4.7733703,41.341232,39.002583
9,44.32420689425805,39.210028002857854,5.748387,-3.3269525,40.328842,37.338806
10,45.742968535000266,40.539286636938755,6.0632076,-3.132321,39.98434,36.546413
11,46.79269431095953,41.2164350693194,7.922126,-1.2574352,45.44416,36.826485
12,48.632148408131656,43.01637208080329,10.492635,1.4272006,39.778015,37.3145
13,50.313543866916234,44.215394574516225,13.299734,4.5428514,37.769573,39.171677
14,51.42127236055839,45.09510528865165,14.430087,5.801507,36.19326,41.249237
15,54.02028971493292,47.46148592083741,15.400326,6.6818323,39.152927,42.804874
16,56.130043665593675,49.921307558320564,14.528257,5.652132,39.33699,40.415455
17,58.004373057288205,52.52396859607557,15.306361,5.612153,32.621124,38.318336
18,58.76245060808277,53.130450693009486,12.83537,3.377077,31.936806,36.60903
19,57.78148730222996,51.93045064395567,10.962282,1.8092374,31.196276,34.538742
20,57.688540175642586,51.81276751173122,9.609274,0.5993218,30.732859,33.386234
21,58.919354416633645,53.25852416680873,9.145896,0.11950597,30.0397,32.861485
22,58.92041110878806,53.316734174713936,8.410794,-0.42745656,29.26474,31.844051
23,59.282998779559755,53.74519634317131,8.753088,-0.037474066,29.398977,31.77593
24,59.90746804613984,54.44010419074869,8.348578,-0.40770414,30.28533,32.132446
25,60.373356572399565,54.81486223187196,7.9120617,-0.72213364,30.845795,32.08714
26,61.148166562482494,55.35613542810532,8.639804,0.29725698,31.800144,32.23234
27,63.244417281315094,57.27460183418196,10.2052765,2.0104773,31.627602,32.842903
28,64.88464582601378,58.62031163092455,10.661337,2.7557843,32.838295,34.482403
29,67.09837087040552,60.79321545052163,10.728283,2.9138315,34.404842,37.092957
30,68.3944779947558,62.07034577476151,10.67472,2.9108846,36.685413,41.0528
31,68.88719937708976,62.568805962585024,10.127488,2.3933747,39.767532,43.98902
32,69.30502084310399,62.84962731587862,10.18323,2.6496062,42.153522,47.122826
33,69.94025699407558,63.09800615604801,9.451196,2.6986082,44.683342,49.581882
34,70.58598581127254,63.46928865809402,10.378574,4.0583487,44.903687,50.02536
35,69.53003773018813,62.24923739887631,10.711642,4.9125614,44.74621,49.29265
36,68.90844717401116,61.2855246221854,11.842112,6.388708,43.430656,48.77269
37,69.58182650611464,61.61481044213062,12.984424,7.7846804,42.544617,46.117153
38,70.1965345462383,61.88521812272064,14.935548,9.672096,41.71612,44.18256
39,69.93028409048274,62.010586958498294,17.674763,11.60429,42.0955,45.982784
40,71.64273061631496,64.36945500690518,18.800478,11.836986,45.15138,49.667362
41,73.23820922045907,65.4601333440418,16.327105,9.899724,49.196518,52.532387
42,74.71973305606274,66.60713675237197,15.781416,9.734056,47.235653,51.540688
43,74.21225859245422,66.06514752348471,16.067062,10.004683,46.50782,51.3379
44,74.43119603372693,66.97513884822268,17.617966,10.610056,45.431454,50.206676
45,77.13978076676494,69.91591806785031,16.279137,9.01417,48.722317,51.734272
46,76.29926879986648,70.35920449099203,18.158617,9.483589,50.590515,53.492317
47,77.62637825525348,72.6150430012467,17.88451,8.342209,52.726067,55.985924
48,82.64797883425643,80.04242197686337,19.222788,6.8063087,59.25132,62.530125
49,87.48123102738637,86.15925246766719,16.908468,3.0575798,66.846176,69.912636
50,89.53611281609157,89.31457438160226,13.244315,-1.8541365,71.59324,75.65179
51,90.53262230079669,90.96060011751186,10.316116,-5.407629,74.70604,78.27378
52,90.76562386491003,91.68311177263932,8.05331,-8.2211,74.85971,77.25776
53,90.99588212023703,92.55456692204235,9.128129,-7.8686047,77.56442,78.19367
54,91.90404197872566,94.18203833784814,7.756706,-9.955484,80.86426,79.89961
55,90.29657016577103,93.13874149754332,6.8314576,-11.439577,82.9859,79.52809
56,89.80749163649426,93.10599057240962,4.330636,-14.318023,86.538605,79.907776
57,90.03088044733123,93.95069785865478,2.623154,-16.681185,88.75281,80.367775
58,90.79125582194013,95.302964011936,0.82223433,-19.118385,90.851326,81.21707
59,89.86533896127989,95.13928579217965,-0.1936249,-20.912582,92.67827,82.23294
60,88.88620987971228,94.4874217169109,-1.3948921,-22.453154,92.22747,82.83982
61,87.28251707591274,92.76707245869613,-2.178762,-23.171444,91.388954,83.53581
62,86.17722188359386,91.4297405859518,-2.450192,-23.188225,91.31425,84.83403
63,85.05074341009319,90.67628911504795,-1.3167183,-22.405123,90.332054,85.21061
64,84.52475556023155,90.20407922684268,-0.7135892,-21.726582,87.27648,84.15415
65,83.67520116902078,89.12942975794674,-0.04083852,-20.657999,87.467415,82.64835
66,81.85266876432324,86.82337710715613,1.3985599,-18.480053,88.71964,80.45121
67,79.6025570168265,84.4779802025784,2.7241693,-16.99487,88.95192,79.772865
68,76.1289250632808,81.02713234551338,4.776132,-15.168625,87.303764,77.79704
69,74.87853294367092,79.66621251442649,7.167366,-12.805194,84.75629,75.6442
70,75.1256261421121,79.59602938507777,7.8276505,-11.776715,83.98651,74.9151
71,74.97829237666224,79.3115573239528,8.4913,-10.940738,82.522064,74.088974
72,75.80300134387078,79.99673415075452,8.043178,-11.257258,83.80662,74.8515
73,77.18526087418937,80.8485208959431,6.1239963,-12.743775,87.18639,77.32162
74,76.23656925737835,79.92280842176709,5.6569605,-13.291635,87.48314,78.51262
75,75.76474793027226,79.6452723149725,5.672709,-13.406393,87.028534,78.536285
76,75.87135136537204,79.97475614319225,5.6651287,-13.573079,85.13627,78.20234
77,75.76276431516234,80.11788049668607,5.429768,-14.037531,83.690735,78.25557
78,74.73560693024315,79.01291896603011,4.404205,-14.8971815,82.82891,77.91905
79,74.76737585592905,79.3077977955459,4.819454,-14.704353,80.27933,75.178154
80,74.77971931106788,79.48020797682653,4.6523194,-15.0209875,78.03563,73.793434
81,74.3302951590449,79.1277095834802,4.451816,-15.312769,76.979355,72.295906
82,74.14148852128963,78.96794168248219,4.1554036,-15.614541,76.86464,71.60529
83,74.02276083193993,79.10069501635361,4.441469,-15.594238,75.25482,70.37208
84,74.1583247271581,79.43118289311273,4.0725417,-16.160816,75.710724,70.0014
85,74.16955636714516,79.4235051899128,3.290479,-16.76529,76.50031,69.86746
86,74.14573808733479,79.44042888588359,2.961804,-16.93688,76.567215,69.55658
87,74.55362938544795,79.71298011609387,2.7204468,-16.838633,76.7105,69.72085
88,74.63923002685061,79.919495886916,3.4082708,-16.241665,75.53629,68.52764
89,74.73798047395005,80.04589535240692,3.4979012,-16.182392,75.585045,68.44674
90,74.77925213110457,80.11005125068858,3.530422,-16.159367,75.77919,68.36371
91,74.90336355830392,80.31415777586164,3.6833134,-16.09859,75.94763,68.5173
92,75.15796229976175,80.7299923126766,3.909438,-16.07904,76.24806,68.65269
93,76.23863668763696,81.94448896617529,3.8597481,-16.331553,77.420715,69.5477
94,76.7529505049331,82.63214233687188,4.1023355,-16.252142,78.29771,70.64667
95,77.07183333604401,83.03159757553766,4.143793,-16.297333,79.02357,71.33925
96,77.30767791134107,83.3315458946851,4.3443885,-16.148552,79.61922,71.81532
97,78.20772303801611,84.05877065295213,4.7148023,-15.603517,80.38839,72.5776
98,78.90869642763884,84.39381049200732,5.0903206,-14.775963,81.061516,73.13021
99,79.48178145796012,84.61166640068335,5.7207236,-13.737134,81.58646,73.878235
100,80.49157485930725,85.0089190047894,5.661692,-12.97599,82.180115,73.8444
101,81.31807516037155,84.94000941349967,5.3581705,-12.229798,82.37771,73.380356
102,83.04877142152739,86.33969301956026,6.3210754,-10.988314,82.08859,71.27312
103,86.33902058150595,89.24749674589955,6.022903,-11.128184,85.095955,72.60156
104,89.76887132116401,92.78585874886055,6.922864,-10.359554,87.93447,74.39901
105,93.00859516689466,94.73000262167015,5.1980095,-10.700628,91.42228,76.49058
106,96.12580165783656,95.72040692083426,3.1977997,-10.377598,92.74593,75.61789
107,94.51125568825535,92.73786681295063,5.607354,-6.7122216,86.56753,65.22966
108,95.00299929753712,92.19516663976228,8.286009,-2.9086635,82.58158,58.53615
109,99.48395534706682,94.80891183283295,9.613651,0.2960105,81.3188,54.480476
110,101.34909054398263,95.48907651541273,13.594831,5.2756357,79.222725,48.96912
111,103.85076211205086,96.65259064699572,20.40259,13.30281,80.10143,44.867012
112,106.77214321529719,98.72617067379132,28.888489,22.624344,83.10354,43.544785
113,109.55872234887514,101.22777447643409,37.804325,31.73726,88.96483,48.77321
114,113.57978670461141,105.74694649002087,45.60194,39.162117,96.91869,54.10968
115,115.89829370365601,107.86002560284044,50.41505,44.275333,102.69527,60.08767
116,117.00617613292698,108.73035536130611,54.805,49.036385,107.18755,69.18239
117,118.91537092380177,110.78116273610408,57.34737,51.532185,110.19363,68.9852
118,119.76468118367414,112.51789908858233,60.930378,54.290905,113.79307,70.82629
119,120.50844370521357,113.35348666143359,61.97188,55.273476,115.089035,64.39538
120,117.08075775930263,109.56721954695762,59.411003,53.292263,113.23268,64.58222
121,110.12074653218401,103.39966776988884,52.23197,45.68303,107.48458,63.832897
122,103.51756380331653,99.75489210821723,45.0738,35.68409,103.97158,67.641235
123,101.11197433551531,96.82141279299982,35.677795,26.614834,99.30039,50.05685
124,94.25412647037851,89.23765555775304,28.858728,20.466785,92.06458,47.093204
125,92.30059555403776,87.52421367551445,25.88119,17.218712,88.28837,45.951378
126,90.58755960564454,89.14272431146917,27.812447,16.1435,87.397865,44.759113
127,91.71327411575794,91.43116373651782,26.32072,13.70425,88.67052,43.29527
128,91.1645238018317,89.48942160759519,23.16802,12.014087,84.85621,38.694794
129,90.2291200267295,87.35606457437905,20.424574,10.3376255,80.97537,39.902027
130,86.95776451380208,82.67277753788743,18.806515,9.850484,76.5529,57.532246
131,85.83529996772195,80.57921761995625,19.551853,11.250671,72.77294,58.631237
132,84.17470136300712,78.43729471637668,20.024435,11.990442,69.38482,58.66886
133,81.6040606274398,75.8708011110508,18.571016,10.411688,66.88114,57.76469
134,79.57190460730514,74.22169332376944,16.851343,8.37549,63.28113,54.87479
135,78.47688579378482,73.42740029751295,15.018154,6.350471,56.452248,52.263477
136,77.76889981710181,72.61017071628409,14.024647,5.5418344,51.11015,49.54644
137,75.84122540383164,70.61607154885223,13.155586,4.765872,47.67065,47.114376
138,71.11407183475445,65.95190922838675,10.81353,2.3588128,42.8716,44.460068
139,68.24521328312683,63.09883715844229,9.855159,1.4010338,39.158302,40.583897
140,65.13538964859302,60.062288338654795,9.182214,0.61240906,33.99342,37.094204
141,61.31963010371602,56.36274854266589,8.138096,-0.6175152,29.038336,35.51067
142,58.79372360492426,53.93209723182653,5.8500347,-3.0884101,24.721054,36.8868
143,55.56589418739303,50.45854705039728,5.0008264,-4.260513,15.576966,35.465336
144,52.38433089159532,46.66220703117982,3.6951292,-5.3014994,11.580187,32.449867
145,47.72123740442842,41.598133227462945,2.3315282,-6.3316193,8.069347,30.339172
146,46.74124105807179,40.23964988744949,0.35484025,-7.728935,5.780909,31.552961
147,43.842827208502015,36.35056539145468,-1.4148487,-8.287598,5.0615764,31.439066
148,42.43444719375805,34.493482138868224,-0.724599,-7.0657554,3.701579,31.181517
149,41.368000400102595,32.90864920105867,0.8865682,-5.14469,3.0238302,28.723133
150,40.896092665370354,32.22928608591537,2.2188482,-3.6143565,2.9024115,27.83048
151,40.243482548459674,31.490267779025828,3.491484,-2.7611732,2.159909,24.024227
152,38.060918366398006,29.38745657011803,3.9282615,-2.1008265,1.7055895,23.130266
153,37.40895988751806,28.915037167879905,5.0664163,-1.0730786,0.22251457,22.132689
154,36.23918297672965,28.30285780548739,6.684504,0.4498807,-0.7945123,18.688053
155,36.99459998285772,29.397768833044864,6.725672,0.6717881,-0.249042,17.798254
156,36.97733773666659,29.651773731796112,7.550457,1.5548722,0.8421745,17.45046
157,36.671733680446934,29.42520345112811,10.51067,4.461381,1.9646965,15.618661
158,35.80835874909962,28.228232621563055,9.91247,4.3898683,20.65328,18.033585
159,36.846844126359436,29.050057089389313,11.725197,6.4490495,27.986662,18.967693
160,38.43853266667392,30.416801070991895,13.144787,7.97402,30.124712,20.339584
161,41.161968638529956,32.98890147017776,15.036724,10.04029,28.473175,22.012863
162,44.03616767827968,35.978066081047025,16.860023,11.785174,13.536842,24.21536
163,44.57132955271729,36.74520113716078,14.815002,9.619682,10.660873,30.142849
164,46.116710514991816,38.417609066009625,13.566253,8.511024,10.797164,35.91821
165,51.722980572961546,44.80860459262667,13.136948,8.417692,12.1585655,41.172836
166,54.6651785635015,47.579226377234654,12.406819,6.9975142,7.130381,48.315186
167,56.31224737300451,48.74846085702368,11.696084,5.5505686,10.997789,56.366047
168,60.48198399940815,53.14484816337627,10.991263,3.83426,21.407888,64.08227
169,66.78566838209667,59.756233647675316,10.56108,3.152174,45.85097,70.84793
170,70.0467000364282,63.73674013308946,10.260474,2.1496685,58.504433,75.97365
171,72.50455171277869,67.10873245386749,9.17961,0.3575957,69.17382,78.63945
172,74.52674991580128,69.64728697674047,7.87526,-1.7168825,72.12416,81.80724
173,74.83545140787346,70.34118737592118,6.4051113,-3.8839586,73.31397,84.400055
174,76.46123356588714,72.01262625283303,5.831544,-4.7112193,72.251595,86.93003
175,77.98100912293076,73.49370370616563,5.427048,-4.9646187,71.305824,88.7384
176,78.94901230564602,74.39440627335972,5.8559365,-4.575618,69.13838,91.57776
177,79.34357702849357,74.8574425899047,6.059136,-4.484617,70.423584,94.38585
178,80.92061560372824,76.62484068722759,6.455643,-4.3272533,73.29433,97.99201
179,83.38903399327637,79.21945672401918,7.4098387,-3.6133363,74.24839,101.187096
180,84.87974977466384,80.88495831652705,8.163207,-2.9401085,75.45592,102.40377
181,86.44167495059419,82.87753489907492,8.881563,-2.62617,76.73459,103.308495
182,92.48850112515191,87.79350802308078,8.174713,-0.4602421,80.36083,102.05687
183,90.93347116895632,86.95930048172919,10.821495,0.28998038,78.077866,105.054665
184,91.11296927539628,87.30247496971212,11.820074,0.6750147,77.31423,106.44784
185,92.04399880752119,86.35169244640247,7.0391164,-0.5159676,77.09859,102.949425
186,89.47596681380395,85.48280025622,10.253281,-0.7712644,76.70311,104.79351
187,88.22808709547401,84.9975033555549,10.302943,-1.9267702,76.70594,106.77973
188,88.18259343482696,85.68075375882066,10.199409,-2.7390018,76.66811,108.04303
189,89.0958916411505,87.23900280543491,9.043725,-4.274813,78.41555,109.168785
190,90.53937482523563,89.18508453313412,7.017193,-6.911165,84.18492,111.23802
191,90.55095983075307,89.62109438828206,3.6515577,-11.020234,88.16788,110.6907
192,92.70967238241546,92.30306068008274,2.2712715,-12.925486,90.72969,110.257034
193,93.98947197308331,93.6649024116393,1.3822091,-13.888901,90.65468,110.4931
194,94.7696831300299,94.22001248705108,0.13688777,-15.103943,90.90854,111.2225
195,94.80429632240774,94.06566606810037,-0.2235327,-15.424766,89.90502,111.768295
196,96.03966097656613,95.31611990901226,1.4792203,-13.499799,84.76001,110.73997
197,97.17453252205189,96.18174480878571,2.3740094,-12.536568,81.64441,112.41191
198,98.32993320820388,96.9953527063989,3.419507,-11.441969,77.557205,115.18082
199,99.08388902498787,97.46136965780528,4.1355476,-10.559083,77.872604,117.52147
200,99.91103161625435,98.11671786078863,4.7114177,-9.872234,79.101295,119.04228
201,99.50863549778106,97.76780388890023,3.4433124,-11.103483,84.64177,118.65514
202,100.15416480060274,98.36556301528182,2.6266203,-11.777143,88.35278,117.877106
203,100.63673324253925,98.44832927030173,-0.3297106,-14.374771,93.97453,117.75076
204,100.29215336796103,97.82433738836785,-3.4032001,-17.007008,96.88515,117.845184
205,99.99568356506678,97.51962198239234,-5.3144917,-18.430874,99.21273,116.31668
206,100.25000417075312,97.87557867770464,-6.595131,-19.326756,100.35321,115.3192
207,100.05728673500629,97.67802461862645,-7.057897,-19.487108,100.965416,114.764046
208,101.09356912380883,98.6890950961656,-6.3135495,-18.376255,102.7169,114.24446
209,102.11170545995954,99.53915163259268,-5.2590013,-16.816202,103.74203,113.04698
210,102.21464200448253,99.52250982904422,-4.648866,-15.816079,103.43714,111.48126
211,101.66354956754815,98.92464610026003,-5.1159034,-16.029219,103.16742,109.1508
212,101.42180212243412,98.75240435438026,-5.905794,-16.68634,102.963005,106.38785
213,100.84462284384314,98.17462271858933,-6.7461085,-17.432219,102.804085,105.078674
214,100.692588846832,98.04504996389223,-6.905788,-17.457567,103.56025,104.953255
215,100.6980149249899,98.08359998276511,-6.7842155,-17.402943,104.129326,105.64423
216,100.54744127277752,98.05547740482872,-5.533501,-16.17967,104.596245,105.575325
217,100.01917396317518,97.4425015559842,-5.194844,-15.706251,104.791725,107.53346
218,98.99095552112546,96.27757133085296,-6.0023866,-16.380226,103.8615,110.21495
219,98.46891656708924,95.63732226712405,-6.4128666,-16.723663,102.837074,113.32975
220,98.02344144852991,95.06690496134895,-6.4434643,-16.735563,101.54437,114.04963
221,97.41774168621424,94.24005734654324,-6.565502,-16.780016,100.42845,114.63921
222,96.62954978914043,93.31797012958887,-6.946746,-17.081247,98.31494,115.69154
223,95.829997331366,92.33754747376038,-7.6965275,-17.742085,96.739204,116.70185
224,95.28693645578122,91.73534829053015,-8.08803,-18.06358,95.110466,117.925995
225,94.62580462282844,91.01456449570081,-8.305474,-18.298628,92.71958,118.24199
226,93.97254733508946,90.34437997138701,-8.238496,-18.24336,89.9705,118.45256
227,93.7392830030208,90.06821672388529,-8.209813,-18.200663,87.06167,119.62515
228,93.62630673886288,90.08635450123593,-8.234815,-18.34441,85.03511,118.825615
229,94.18645130340876,90.59178798347914,-9.1046,-19.200155,83.95613,117.162025
230,93.80449975615136,90.30346328184913,-9.013021,-19.42991,80.83941,115.22153
231,93.69363134404897,90.31645094322721,-9.296333,-19.910805,79.92335,112.453926
232,93.54380906664673,90.43126515130015,-9.24164,-20.111347,80.71179,106.68053
233,93.32949069325831,90.50949186903027,-9.123367,-20.205276,82.624466,101.85092
234,93.10509813556267,90.57402382313877,-8.637108,-19.967237,83.909,97.97396
235,92.56736133237828,90.14074647470449,-8.30136,-19.742548,84.414185,96.71892
236,92.61960154324875,90.13224335863912,-9.161703,-20.419575,85.81936,95.33698
237,92.95694894367256,90.46989512172627,-9.453051,-20.501028,86.58758,92.333336
238,92.82713891195749,90.28104462833856,-9.009757,-19.9696,86.62656,92.82129
239,92.83620125855525,90.33319675516579,-8.882674,-19.717487,86.50195,92.72134
240,91.8501017091357,89.45828594431532,-9.072532,-19.824781,86.48857,91.914185
241,91.56234580787901,89.03081760005146,-9.003521,-19.48107,87.28579,91.17457
242,91.02390465637647,88.437021203718,-9.020614,-19.401714,86.9951,91.52729
243,90.56546501286788,87.68941339613465,-9.524298,-19.6882,87.62112,94.47086
244,90.30881294379927,87.47784360503401,-8.960827,-19.094334,87.36183,93.99712
245,90.29770247161541,87.46425771999783,-8.215423,-18.248755,86.92955,93.1514
246,90.84709256440654,87.94594050773138,-6.824905,-16.476885,87.18085,91.57259
247,90.62901580166235,87.76597962365513,-5.7931366,-15.242813,85.23889,86.82563
248,90.62337943839512,87.72520876310065,-4.8845863,-14.153639,83.575226,85.62907
249,90.11140533140829,87.16816558495046,-3.4466746,-12.747697,82.18716,86.20771
250,90.25084048574602,87.2766659744136,-2.895131,-12.127016,81.99749,84.88891
251,88.50559296476806,85.72497890589136,-4.3956475,-13.914747,81.69077,87.22986
252,89.78723032712712,88.1535336293989,-2.3168612,-12.414803,61.293747,79.294
253,85.43137085134242,82.44555137225962,-6.349587,-16.160852,63.065872,82.6375
254,84.65416274517071,81.6422207658833,-8.786914,-18.79914,64.266525,83.1727
255,86.20958299743326,83.98885593905553,-10.472908,-20.926586,63.379158,85.108
256,86.01305919197635,83.79836705908662,-12.209702,-22.527224,66.810616,82.38319
257,85.21483410852747,83.06403400307215,-13.459138,-23.912857,68.54982,81.344376
258,84.58199399045425,81.20518075838352,-13.415216,-23.770588,68.60862,73.64856
259,84.3375808003497,80.4087308775944,-13.876244,-23.931572,70.341896,67.85216
260,83.81541352324963,79.60705857272697,-15.503445,-25.328217,72.32288,62.885944
261,84.238061683008,80.89959726521292,-17.077803,-27.058046,70.837875,71.132454
262,84.67904055715739,81.4704717759529,-18.841465,-28.798681,72.83982,74.31594
263,85.82563528354488,82.66312266681119,-19.575686,-29.64914,75.036476,77.76331
264,87.8019061807531,84.76199508158315,-19.04043,-29.169304,75.94568,77.9525
265,89.69941301480536,87.3740529671554,-16.902037,-27.103725,68.554886,78.228
266,89.98099413450709,86.86991142302627,-16.80889,-26.791107,69.81615,78.64677
267,90.26011872296928,86.42488306192693,-16.145319,-25.7864,67.33675,77.45698
268,89.47311103430464,84.95469803653546,-16.159426,-26.067635,69.61182,79.354355
269,88.80656258182084,84.07248746459756,-15.317465,-25.450478,70.485535,76.30641
270,88.79026494137325,84.0617930160582,-12.559464,-22.826874,63.654995,68.2273
271,87.69418260328682,82.86497828830905,-10.579673,-20.631311,56.00337,58.205204
272,86.74634022957336,81.58366772240696,-9.429801,-19.864527,51.97039,54.91348
273,86.35208341319418,81.68299764985514,-7.242761,-17.388617,47.343025,43.824528
274,83.01391001535657,77.98541553151307,-7.681116,-17.835709,50.044495,43.020943
275,78.83034110305839,73.25875727059417,-10.000647,-20.838108,54.84422,51.98881
276,75.75865169350571,70.4441027026839,-11.812886,-22.931847,53.99225,53.383915
277,73.2949869134016,68.23976206591814,-11.791671,-22.752401,47.30932,51.124996
278,72.48011333324288,67.09064458066337,-9.647268,-19.94556,39.645504,45.990803
279,70.94643900956058,65.33803036467872,-7.709901,-16.943085,36.23008,42.305622
280,69.05048733739237,62.62453565130075,-5.9507713,-14.455808,30.536705,39.247932
281,66.76391529784829,59.403379497552066,-4.548213,-13.132136,21.78971,36.71218
282,65.6746570684892,58.320546595973084,-4.091957,-12.343447,19.06551,34.6656
283,64.53548440626386,57.020462578139124,-4.1504135,-11.629594,14.227777,33.0092
284,63.648190082033366,55.342149279275944,-6.052239,-13.552249,30.32793,32.807423
285,64.4652973519508,56.142094087335394,-5.4552426,-12.884716,40.22076,34.789536
286,63.94206556676074,55.8147570875121,-3.1197083,-8.740642,39.189842,41.965115
287,64.96851075289318,56.5426718134927,-0.54758954,-4.558681,40.689026,46.259773
288,62.67693537752888,53.42879561770549,-0.5862137,-3.643836,40.07848,55.506905
289,63.03843568066991,52.55604675693529,-1.3331772,-5.174146,36.403374,63.00826
290,60.584079183358185,48.97653363773371,-0.64448565,-3.5569515,33.74836,72.090256
291,58.87510235813525,46.66958782749468,-0.7391152,-2.4981642,33.0463,79.20685
292,56.53264654227033,44.623563690783854,1.182375,0.60586953,34.656902,81.65128
293,61.37794966506292,49.90383174163166,7.5739245,7.1608915,8.626563,69.83159
294,53.54168404145911,40.5574786931832,4.832562,5.6807013,24.510126,81.57078
295,50.53671023249792,37.63852248971983,6.476867,8.907901,32.715145,81.80583
296,51.54260591705349,38.99927640029495,8.061935,11.1881075,35.49971,80.56924
297,51.36369847621299,38.849963872648516,9.918891,13.252231,34.665443,78.71962
298,53.1127798839903,40.947212746770916,10.45879,13.374565,35.410736,79.38564
299,54.334736808954204,42.4736930155281,10.869018,13.30807,36.608215,77.879
300,55.65215694053969,44.20865073315758,10.534868,12.448008,38.583004,77.664795
301,57.12551567276064,45.888915197609506,9.560745,11.163914,39.800606,78.34913
302,58.67959958619454,47.87543613043532,9.027633,9.919145,40.787754,78.30364
303,58.57641940914598,48.00088101352931,8.511083,9.050082,41.723244,78.346115
304,59.58831001845735,49.198410223713964,8.161493,8.428293,42.83554,79.66887
305,59.7982151247376,49.587601876997304,8.169339,8.162967,42.763042,78.86517
306,59.85773394990159,49.936895861928136,7.3810453,6.977275,43.172874,78.45604
307,60.0422328419784,50.299678855484586,5.763778,5.363981,43.158848,79.588394
308,60.13176454997516,50.6553275148812,5.038509,4.5470757,44.33332,80.7524
309,59.92952196520616,50.638549126325344,4.8766026,4.2847824,44.05148,81.72952
310,60.00322368658955,50.93233391918669,4.964157,4.1507764,44.295296,81.82639
311,61.420861132109586,52.59245360451731,6.000991,4.9419966,45.310726,82.413345
312,63.24191215899323,54.72997267708121,6.23129,4.797738,46.96459,84.20761
313,65.04247415540907,56.81196751853912,5.978625,4.242294,50.643494,85.56753
314,66.53117612960334,58.737136300673214,5.245362,3.0886247,53.48778,86.46352
315,68.97476271758583,61.747649792903474,4.333808,1.6776072,55.737427,86.66961
316,71.9460280501178,65.0134641934478,4.536733,1.5923709,55.795876,87.01967
317,74.18281060320997,67.557071386686,5.8248706,2.4396527,54.730133,78.30789
318,75.46524625889822,69.08557412849024,6.3416505,2.5649757,55.126003,74.7471
319,76.27195302372641,70.07928458218667,5.978139,1.9416549,55.746677,71.98206
320,76.52817810723806,70.04242734581835,4.37226,0.6870835,55.85434,72.393555
321,75.51130840631075,68.32863799733661,3.8686974,0.92663604,53.88654,72.5406
322,74.44029274137404,66.82132002420099,4.9851813,2.421498,52.66498,71.509155
323,74.55926278969845,66.57455404656206,5.2109394,3.0357456,55.581318,72.84223
324,74.59104968491178,66.96282244820245,7.119935,4.48914,56.333694,70.09418
325,75.4082774801899,68.21510306268652,7.9054832,4.752654,57.745934,63.642086
326,76.28469556702176,69.78633698836178,8.596527,4.619106,59.852123,54.302097
327,79.8446555888054,74.37286968902526,7.4720464,2.3152554,64.84342,53.087124
328,84.627938014518,79.2878637835969,3.832556,-1.4759774,71.02298,54.87365
329,86.67775190083812,81.39623435767756,1.7030756,-3.6814828,74.91517,57.439762
330,92.45244049527132,87.55556133282342,-1.1234714,-6.9215064,79.24231,61.091805
331,95.57261359498014,91.69423935494024,-3.71436,-10.698108,83.2352,64.88791
332,96.10276772235045,93.45915197786395,-6.1353817,-14.484781,84.47068,67.24841
333,99.07422964873969,97.20056889385653,-10.88602,-19.922663,86.84349,73.961716
334,100.86988311590305,99.24428313792608,-15.316811,-24.471668,89.86422,76.525604
335,99.91904529842148,97.5591415988473,-19.354803,-27.393288,91.34201,74.74697
336,97.61994211630345,94.77506905057767,-20.636627,-28.044361,89.61745,71.360115
337,96.20357168421124,93.42732475141423,-19.905329,-27.341429,88.04326,69.15499
338,95.91202917110952,92.94014577739958,-19.91868,-26.930902,87.71202,69.66374
339,95.98329865978396,92.44951043840192,-22.070301,-27.791342,88.03172,68.233185
340,90.96013752065696,87.75861875058598,-19.158503,-25.456501,84.45728,64.978096
341,88.11489653579815,85.53527293020053,-15.342295,-22.728094,81.41578,62.99522
342,85.8437348543622,83.40492095526115,-13.496947,-21.179209,79.78303,61.94564
343,84.20457856245686,81.2744961576535,-12.453859,-19.60274,78.99991,61.10881
344,82.84767371857517,80.28686435400887,-8.434684,-16.007786,78.26746,59.74804
345,84.49562437370606,81.92649877711398,-5.744439,-13.590271,79.480515,61.72719
346,87.07804461513055,84.30058523362209,-4.46787,-12.219653,80.189384,64.95279
347,91.22814765240477,87.58003075812086,-7.452045,-13.694638,85.94946,71.52777
348,90.03841980695535,86.07542482080855,-7.100918,-12.892925,84.89746,73.126
349,89.77291247758401,85.60187984845132,-4.133365,-10.14042,84.894196,73.966606
350,89.38304419720143,85.16034414410686,-1.9269354,-8.070892,85.38854,74.75202
351,88.51613422610879,84.91522377518247,0.81060237,-6.202411,85.47521,75.768
352,87.204745215712,84.06701966507138,1.900718,-5.7257347,86.25064,78.47936
353,86.55479581862292,84.06836945264642,3.8344066,-4.7607627,85.636116,81.06214
354,85.6537421382374,83.17671442730834,3.7293954,-5.063504,84.676796,81.26029
355,78.42133784542807,76.11412571806564,6.3661327,-2.9761696,78.622444,78.45349
356,74.52772084057993,71.43570218466313,9.181347,0.41718525,72.56966,77.2473
357,70.2428816185032,64.89314125924916,5.498541,-0.6688899,74.24787,74.86577
358,68.38088479909646,61.82808946226154,4.767156,-0.10247023,73.02795,71.174614
359,58.48930631184137,50.37556503886761,2.9565368,-0.19846857,62.347813,66.827065
360,45.86577527249981,36.505885544810056,1.6344981,-0.40574548,48.130875,59.92502
361,38.10438790724643,28.539543317980325,-0.7016527,-2.667384,41.6253,52.82081
362,34.084513065665455,24.07132341869776,-1.5687468,-3.704416,37.71193,50.457886
363,34.63192013149073,25.749331130211623,-0.03017544,-3.659509,36.53491,50.892296
364,33.27345873550094,24.2739005311415,-4.2860265,-8.115043,34.44646,52.006622
365,30.424267375147874,21.897832151017354,-8.631743,-10.728201,34.576893,51.865845
366,27.806699966125297,19.705689642510233,-10.336925,-12.37141,32.76566,50.42258
367,23.139746696956355,15.73658762175394,-12.353568,-14.600241,32.937355,44.969902
368,17.61021545404449,10.085705859201804,-10.689729,-13.927861,38.374023,35.287106
369,16.893551309136075,9.063212193741691,-11.316599,-14.024759,38.48417,32.543427
370,16.746344580231437,9.365315471983116,-10.997898,-13.255427,39.112614,27.943031
371,15.57317469022058,7.979097681839656,-10.969125,-13.438669,32.298794,27.000551
372,14.629827499496166,7.276345544197832,-12.867627,-15.212717,47.437225,29.911562
373,17.391582593686334,8.188010182420008,-13.92263,-16.964468,55.836067,33.372818
374,19.072960889188952,9.234461377122075,-14.5163765,-18.267683,59.496346,35.391747
375,19.99396887067445,9.976636241401406,-15.778566,-19.839542,61.953876,39.377254
376,17.448243709857394,8.787244713335035,-17.25852,-20.583454,61.273132,38.307003
377,16.00474591636715,8.573888202996624,-16.725464,-20.001728,54.14354,44.117516
378,15.171829051631159,7.4708910392559105,-14.280879,-17.80059,46.22737,47.27351
379,13.075691585294019,3.6251484485192984,-13.432691,-17.01866,38.974606,45.764412
380,11.914194997648215,2.3333875184761936,-14.21773,-18.489553,38.78178,47.07254
381,10.658241783084119,1.2467829965901005,-16.34707,-20.91785,37.553757,50.662956
382,9.765915879377268,1.1496099065724068,-17.05913,-21.66763,37.400986,51.92689
383,10.077375386302318,1.672574128506017,-14.26844,-18.729488,13.497195,55.467613
384,9.983080114787382,2.3637227712414273,-15.423083,-20.055992,4.784232,57.89975
385,8.304325840324925,1.4636656739628404,-17.481659,-22.08213,1.8298787,62.515522
386,6.879028066260616,3.8489865026111922,-19.636576,-23.99766,17.80571,66.31805
387,7.262959283915184,6.643371121550853,-19.712687,-23.900026,30.672346,68.08592
388,6.586331639698201,7.240585117597339,-18.380976,-22.638987,33.409206,68.46027
389,6.696062225436953,7.671226068959675,-17.45386,-21.822403,34.95904,69.54195
390,5.1769134514036885,7.1024383519145795,-18.364483,-22.402655,35.918015,71.25208
391,6.119619737092104,9.77046498047766,-18.014732,-21.80645,39.496815,72.41836
392,6.191280896711524,11.474439148988997,-12.703911,-15.828426,21.825653,70.23166
393,6.1397049859837,12.792465437660535,-13.359147,-16.11733,24.195217,75.922066
394,3.1584571687041145,9.099972301473047,-17.899103,-21.26368,38.589783,84.764046
395,1.4875370165226964,7.582478473929019,-20.307457,-24.23364,45.81298,92.41879
396,2.0187757608162156,4.894569303902925,-22.98524,-27.35055,53.110283,99.55565
397,3.688226418261704,4.057337175074804,-25.707975,-30.33734,62.59683,110.20459
398,5.981828678059346,3.319419890213623,-27.610825,-32.627995,68.579666,117.95116
399,6.876318804966315,3.7542632521712833,-29.062965,-34.237522,74.24747,125.78407
400,6.725520383974492,3.904348126630539,-29.470106,-34.771816,73.520325,130.46562
401,4.802649713527038,3.1098611670727383,-29.272776,-34.11944,73.49785,137.60895
402,7.62560386244557,2.6251755630288063,-27.799736,-32.69391,68.43588,140.54742
403,10.397256832169523,5.108218549113573,-27.44292,-32.510925,65.50689,142.19244
404,9.754392837410586,4.433807530406604,-27.633715,-32.746723,61.969578,143.29321
405,10.724144815607678,5.591351170602402,-27.321688,-32.578884,54.349304,140.97424
406,11.246752304695509,6.385738915081915,-27.822443,-33.2011,47.63914,137.02147
407,12.513703996914423,8.339718716681524,-26.682335,-32.569054,39.902313,116.88861
408,11.973716430203387,8.26310528531457,-25.925043,-32.34516,31.066246,97.232376
409,10.971080277509165,7.580071152413644,-26.554472,-33.27594,27.673775,87.97745
410,12.515043654333873,9.255930626689572,-26.483335,-33.514183,20.854958,81.219536
411,12.373345359612143,9.307319876684742,-26.289127,-33.367935,10.267693,74.96978
412,11.309650395668873,8.448617289858392,-26.580975,-33.524677,6.1614265,72.13857
413,11.26043705276239,8.662677890006172,-24.898746,-31.77781,-2.700183,63.132793
414,9.701702700204114,7.649885559340951,-23.49371,-30.176895,-10.931192,52.73532
415,8.863238999725992,7.419021651007571,-23.193855,-29.691185,-8.9659395,47.95767
416,9.72326160373471,8.617598851576043,-22.588032,-29.038565,-8.392331,39.462933
417,10.489030818328601,9.530669136275908,-22.063272,-28.457323,-8.3567505,35.74372
418,12.394285680527036,11.409623819835781,-21.049894,-27.55687,-13.718554,32.22651
419,13.501465558581778,12.359870981158737,-21.927017,-28.24529,-12.015862,30.0734
420,12.569362171129104,11.727714589507078,-23.164146,-29.339848,-0.0063545117,33.59005
421,12.966939539769529,11.949560261651932,-23.466108,-29.754177,8.187349,37.202316
422,13.89025988365927,12.657518508031568,-24.345333,-30.72532,17.474241,43.597477
423,15.108805404374586,13.594445817916485,-23.867876,-30.495296,21.061647,45.37351
424,15.306264758382603,13.862720372817074,-23.200228,-29.958298,20.769176,45.825172
425,15.472965048542884,14.054118807459284,-22.662552,-29.529287,20.149805,45.55346
426,15.408689038243478,14.08921991133548,-22.405993,-29.30729,20.917866,44.949703
427,15.91821079136867,14.479377269140628,-21.977127,-28.916498,20.018333,43.18087
428,15.824779191446265,14.360478899030415,-22.435066,-29.413324,22.327929,42.918358
429,15.856870091892604,14.359088130117641,-22.863012,-29.896147,24.841902,43.460896
430,16.04615048316103,14.32700876376318,-23.999496,-30.999325,29.127638,47.148697
431,16.420655891217482,14.374984607670482,-23.80764,-30.913488,30.548841,47.08695
432,16.616832734455215,14.370389473460845,-23.791674,-30.85352,31.140238,47.199745
433,16.77757109198236,14.370403233494557,-24.192215,-31.11741,32.222343,46.667336
434,16.411641192080594,14.03162810570092,-24.183077,-31.039715,33.227787,46.594597
435,16.547655228866915,14.141928163725902,-23.993176,-30.801144,33.521687,46.403828
436,16.60167142797221,14.104237039868254,-23.224037,-29.95329,30.421541,44.570133
437,16.939277401371402,14.335066229125989,-22.10006,-28.746199,24.07232,42.130085
438,17.76492675146078,15.154634104746094,-20.642595,-27.39614,14.540955,39.08961
439,17.848448520799646,15.193722767874505,-20.998344,-27.741009,12.265963,35.29771
440,17.609572021962553,14.871820217089102,-21.88842,-28.804024,18.672007,31.692541
441,18.0057414858482,15.265200642821672,-21.957218,-29.054377,24.825773,31.102541
442,19.18238384166567,16.31535725204927,-22.542906,-29.736132,32.233765,34.773323
443,19.92151014211202,17.106454791137377,-22.483215,-29.831059,34.43614,35.16279
444,20.159987082243763,17.453482147785298,-21.859877,-29.333332,33.911495,34.411884
445,20.19008916943849,17.530686319731526,-21.679668,-29.206366,34.88849,36.44616
446,20.986945073000307,18.360238840590895,-21.23107,-28.797022,36.274265,39.019768
447,21.708088141249448,19.06792286473011,-20.71583,-28.254513,36.558357,41.711464
448,22.55239318533494,19.881510703580528,-19.321983,-26.838188,36.17794,44.19056
449,23.505805665367564,20.77010201303376,-18.07932,-25.548185,37.13874,44.158714
450,24.52203471258056,21.73230276489961,-16.985216,-24.445051,39.108765,43.87764
451,24.73621223847517,21.931532400478247,-16.715548,-24.154549,43.630596,43.200684
452,24.32512198249125,21.400248315684568,-17.004414,-24.312517,48.497078,42.689575
453,24.270344792689727,21.200810211741477,-16.995647,-24.165707,50.317856,41.28518
454,24.214094025695132,21.07608091816631,-16.953732,-24.049864,50.189293,40.955906
455,24.20234264637334,21.0658980721725,-16.570595,-23.567188,39.033394,36.801117
456,23.688740745562875,20.5530868833926,-16.967438,-23.791357,31.815767,34.736
457,22.15832986678204,19.06836191368258,-18.478485,-25.062243,30.18145,34.25287
458,21.74149648629159,18.71614590663114,-19.373358,-25.895945,28.916449,33.442944
459,21.444531149594617,18.673815483114634,-18.934977,-25.521713,16.943068,33.287064
460,20.580598186899245,18.000293990111583,-20.284845,-26.761702,17.006254,31.731943
461,20.405391706677655,17.972213551533073,-20.029633,-26.55299,11.200994,29.146154
462,18.382051071550304,16.27188951630633,-22.06741,-28.22508,18.244268,20.95165
463,19.211848744957592,17.136290788603684,-19.579437,-25.86192,3.9110775,14.713199
464,18.657339910145005,16.755444824956093,-19.080061,-25.317366,-2.9135473,9.032696
465,17.35181199185547,15.462131712259088,-18.957432,-25.060757,-7.0178366,5.3627353
466,16.259416290735157,14.622375454873795,-19.617287,-25.55211,-10.337246,2.9285386
467,15.486745726635437,13.835826890654367,-19.169067,-25.081944,-15.94672,0.9493902
468,14.95303644841456,13.218808992678428,-19.180422,-25.107164,-19.424875,1.4339144
469,12.850191249086244,11.344582006194438,-21.891663,-27.715942,2.1300483,4.378065
470,12.641081105854173,10.430433485658043,-21.950058,-27.968544,13.629697,9.794768
471,13.317256078347494,10.630194021362662,-21.327272,-27.379694,15.109831,16.43256
472,12.774360972644375,10.180412836646274,-21.840433,-27.720852,19.830765,23.283232
473,12.19157077744749,9.599498051680358,-22.022202,-27.715519,22.58201,33.352707
474,11.809992757082044,9.180056775133142,-21.80887,-27.34465,20.533104,55.850426
475,11.310869315220174,8.840446542503804,-23.182508,-28.609749,31.912554,79.70193
476,11.837942779839732,8.826346880151954,-23.770168,-29.431778,38.784275,97.566696
477,12.238637139126867,9.351727481988943,-23.66158,-29.492117,38.833645,106.68112
478,12.791987297686621,10.036815755611515,-22.887383,-28.821484,37.28171,107.003204
479,11.19258710682575,9.973107115675584,-24.475006,-30.326315,67.3494,101.882034
480,12.581737818311407,10.14035806470243,-21.82255,-28.001984,61.536476,96.13241
481,13.821024327518582,11.949015946877356,-19.885628,-26.559204,54.201614,61.000813
482,14.965591696503417,13.14708125419784,-18.022078,-25.333324,39.068115,42.36536
483,14.25397190310343,12.575371111153903,-18.245728,-25.715452,32.208942,33.159683
484,13.634329617774378,11.752890241226485,-18.439102,-25.897884,28.66609,29.58512
485,13.771431100762962,11.705667350201287,-17.191961,-24.643375,17.130657,27.053873
486,14.10802039885405,11.771134502152414,-16.490868,-23.842918,7.0261717,26.678684
487,13.999872719398704,11.57103305402422,-16.397,-23.610582,1.4821534,28.694468
488,13.601505286715089,11.083916906420315,-18.053297,-25.00698,12.411174,32.861305
489,15.388162172459014,12.811730656700401,-16.359888,-23.59895,4.759184,36.233395
490,15.731121842886836,13.349627385860519,-16.36756,-23.71029,1.1949658,38.52559
491,15.84137678217311,13.499095693414402,-16.822878,-24.180424,-0.5624543,39.13995
492,15.722314770691273,13.584678647757057,-16.797,-24.214506,-4.905733,39.149075
493,15.893899221535994,13.722309970209382,-16.927944,-24.412586,-6.964967,38.43621
494,15.809380591682057,13.646320224579071,-17.201681,-24.711203,-7.5669303,38.122814
495,15.90119275514934,13.645784633065025,-17.364073,-24.872149,-7.8225093,37.5784
496,16.299570488546504,13.830399183043633,-17.548946,-24.974411,-8.81492,36.838375
497,16.803792298486204,14.080378976273895,-17.436676,-24.797611,-8.606162,37.075436
498,16.82001581890358,13.996907916724856,-17.809286,-24.920692,-10.374907,37.479645
