frame,time_sec,neck_angle,confidence,trunk_length,neck_length,shoulder_width,is_flexion,is_extension,neck_forward_component,neck_up_component,coordinate_system_quality,error
0,0.0,-9.567451,1.0,0.36971074,0.32923543,0.37316474,False,False,-0.16572782,0.98323834,0.9963024,
1,0.03333333333333333,-9.211773,1.0,0.36998147,0.32908764,0.37181544,False,False,-0.159427,0.983052,0.9938424,
2,0.06666666666666667,-7.4807463,1.0,0.3711262,0.32929245,0.36998597,False,False,-0.12925282,0.9843285,0.98863417,
3,0.1,-6.436509,1.0,0.3729067,0.32982534,0.3695834,False,False,-0.11077113,0.98189825,0.9876062,
4,0.13333333333333333,-5.429956,1.0,0.37457895,0.33048165,0.37034562,False,False,-0.093178555,0.9802556,0.9903381,
5,0.16666666666666666,-5.0113606,1.0,0.3772783,0.33122587,0.3735336,False,False,-0.08544688,0.9744369,0.99020797,
6,0.2,-4.11948,1.0,0.38014323,0.33216804,0.37522432,False,False,-0.07009659,0.97325766,0.99347615,
7,0.23333333333333334,-4.821995,1.0,0.38483247,0.33340928,0.37812433,False,False,-0.08165465,0.96794295,0.9939469,
8,0.26666666666666666,-4.7733703,1.0,0.3892716,0.33494854,0.38107443,False,False,-0.0805783,0.96495974,0.9945024,
9,0.3,-3.3269525,1.0,0.39237404,0.33619055,0.38289034,False,False,-0.05620694,0.96689093,0.99576384,
10,0.3333333333333333,-3.132321,1.0,0.39465103,0.3369783,0.38400972,False,False,-0.052842528,0.9656216,0.9970382,
11,0.36666666666666664,-1.2574352,1.0,0.39633656,0.33745486,0.3843127,False,False,-0.021327183,0.9716296,0.99815476,
12,0.4,1.4272006,1.0,0.39624226,0.33762515,0.38264057,False,False,0.024298653,0.9752815,0.9989332,
13,0.43333333333333335,4.5428514,1.0,0.39538276,0.33744118,0.38122195,False,False,0.07763657,0.9771224,0.99945277,
14,0.4666666666666667,5.801507,1.0,0.39489496,0.33712134,0.37857592,False,False,0.099124625,0.9756085,0.9997124,
15,0.5,6.6818323,1.0,0.39367858,0.33641356,0.37629348,False,False,0.113891795,0.9721748,0.9996666,
16,0.5333333333333333,5.652132,1.0,0.39258477,0.33567995,0.3742092,False,False,0.09654969,0.9755493,0.9995831,
17,0.5666666666666667,5.612153,1.0,0.38915744,0.33448958,0.37174642,False,False,0.09616761,0.9786556,0.9999346,
18,0.6,3.377077,1.0,0.389326,0.3339528,0.3701205,False,False,0.057957917,0.98217994,0.99998486,
19,0.6333333333333333,1.8092374,1.0,0.38931987,0.33350065,0.36911002,False,False,0.031039149,0.9826355,0.99999225,
20,0.6666666666666666,0.5993218,1.0,0.38941416,0.33318502,0.36859998,False,False,0.010285482,0.9832667,0.9999864,
21,0.7,0.11950597,1.0,0.38927364,0.33288306,0.36802214,False,False,0.0020535588,0.98455393,0.99999386,
22,0.7333333333333333,-0.42745656,1.0,0.38974193,0.3328378,0.36749998,False,False,-0.007349834,0.98514485,0.99997807,
23,0.7666666666666667,-0.037474066,1.0,0.38976496,0.33274218,0.36742914,False,False,-0.0006453842,0.9867566,0.9999728,
24,0.8,-0.40770414,1.0,0.39013934,0.33267933,0.36744335,False,False,-0.0070207864,0.98663366,0.9998863,
25,0.8333333333333334,-0.72213364,1.0,0.39030474,0.33262083,0.36730298,False,False,-0.012424096,0.9857048,0.9997497,
26,0.8666666666666667,0.29725698,1.0,0.39014357,0.33257324,0.36682123,False,False,0.0051218867,0.9872261,0.99973804,
27,0.9,2.0104773,1.0,0.3892207,0.33232048,0.36588675,False,False,0.03471324,0.9888724,0.9998247,
28,0.9333333333333333,2.7557843,1.0,0.38888848,0.33215782,0.36499864,False,False,0.047621176,0.9893328,0.99987113,
29,0.9666666666666667,2.9138315,1.0,0.38845703,0.33186325,0.3648684,False,False,0.050360784,0.9894094,0.9999408,
30,1.0,2.9108846,1.0,0.3883587,0.3315602,0.36469433,False,False,0.05027248,0.98867613,0.9998445,
31,1.0333333333333334,2.3933747,1.0,0.38841537,0.33133224,0.36486015,False,False,0.041319862,0.9885942,0.9996089,
32,1.0666666666666667,2.6496062,1.0,0.38863313,0.3312501,0.36452794,False,False,0.04576008,0.98882246,0.99924463,
33,1.1,2.6986082,1.0,0.38998142,0.33168793,0.36422303,False,False,0.046575144,0.9881336,0.998697,
34,1.1333333333333333,4.0583487,1.0,0.38952774,0.33157125,0.3636812,False,False,0.07005195,0.9873391,0.9987992,
35,1.1666666666666667,4.9125614,1.0,0.38727236,0.33078626,0.3622439,False,False,0.08495271,0.9883842,0.99984103,
36,1.2,6.388708,1.0,0.38490504,0.33001813,0.3607262,False,False,0.110545844,0.98729485,0.9999987,
37,1.2333333333333334,7.7846804,1.0,0.38248384,0.32937482,0.35975605,False,False,0.13466121,0.9850094,0.9997821,
38,1.2666666666666666,9.672096,1.0,0.3789019,0.32837862,0.35810456,False,False,0.16717683,0.9809008,0.998916,
39,1.3,11.60429,1.0,0.37467465,0.32687652,0.35583067,False,False,0.2000547,0.9742201,0.9982953,
40,1.3333333333333333,11.836986,1.0,0.37219697,0.3256649,0.35374215,False,False,0.20360675,0.97147727,0.9985551,
41,1.3666666666666667,9.899724,1.0,0.3734763,0.32566434,0.35246292,False,False,0.17037067,0.9762076,0.9987716,
42,1.4,9.734056,1.0,0.37255743,0.32555073,0.35070837,False,False,0.16786262,0.9785343,0.99808145,
43,1.4333333333333333,10.004683,1.0,0.37223434,0.3255723,0.35034353,False,False,0.17273054,0.97913563,0.9977624,
44,1.4666666666666666,10.610056,1.0,0.37234712,0.3258297,0.3508614,False,False,0.18324775,0.978226,0.9976406,
45,1.5,9.01417,1.0,0.37212402,0.32542196,0.35130182,False,False,0.15606561,0.98378474,0.9970534,
46,1.5333333333333334,9.483589,1.0,0.37107262,0.32513103,0.35251018,False,False,0.16450502,0.98477584,0.99665374,
47,1.5666666666666667,8.342209,1.0,0.37144142,0.32509026,0.35358977,False,False,0.14499065,0.98877484,0.9968471,
48,1.6,6.8063087,1.0,0.36918113,0.32364547,0.35415083,False,False,0.11838419,0.99187064,0.997748,
49,1.6333333333333333,3.0575798,1.0,0.36894932,0.32261464,0.3534588,False,False,0.053221628,0.99636954,0.99875516,
50,1.6666666666666667,-1.8541365,1.0,0.36891392,0.32190537,0.35301918,False,False,-0.032202527,0.99476206,0.9994861,
51,1.7,-5.407629,1.0,0.36836818,0.32150173,0.35242477,False,False,-0.0935946,0.98872226,0.99964803,
52,1.7333333333333334,-8.2211,1.0,0.3676493,0.3212979,0.35174105,False,False,-0.14164145,0.98036605,0.99974334,
53,1.7666666666666666,-7.8686047,1.0,0.36637315,0.32079604,0.35053006,False,False,-0.13546951,0.9802211,0.9998867,
54,1.8,-9.955484,1.0,0.365443,0.32044664,0.3500031,False,False,-0.17057341,0.97178435,0.9999509,
55,1.8333333333333333,-11.439577,1.0,0.36496022,0.32039416,0.34958243,False,False,-0.19496334,0.9634751,0.99998724,
56,1.8666666666666667,-14.318023,1.0,0.3641795,0.32033932,0.34933743,False,False,-0.24175991,0.9472169,0.9999992,
57,1.9,-16.681185,1.0,0.3632746,0.3201947,0.34890595,False,True,-0.2782503,0.92856425,0.99994856,
58,1.9333333333333333,-19.118385,1.0,0.36159793,0.3198878,0.34787014,False,True,-0.31452072,0.9073399,0.9997886,
59,1.9666666666666666,-20.912582,1.0,0.36000475,0.31949592,0.34708145,False,True,-0.33945996,0.88837224,0.9995816,
60,2.0,-22.453154,1.0,0.35895768,0.3193825,0.34637678,False,True,-0.36009043,0.8713495,0.9992319,
61,2.033333333333333,-23.171444,1.0,0.3585699,0.31945032,0.34584475,False,True,-0.3677913,0.85930383,0.9982505,
62,2.066666666666667,-23.188225,1.0,0.35868004,0.31958506,0.34586662,False,True,-0.36542368,0.8530814,0.99708503,
63,2.1,-22.405123,1.0,0.35924035,0.319508,0.34566885,False,True,-0.35132983,0.85217375,0.9958674,
64,2.1333333333333333,-21.726582,1.0,0.36001113,0.31961748,0.3452139,False,True,-0.3389761,0.85066026,0.99473166,
65,2.1666666666666665,-20.657999,1.0,0.36039594,0.31979278,0.34440085,False,True,-0.32136825,0.8523655,0.9937603,
66,2.2,-18.480053,1.0,0.3608781,0.32001498,0.34310672,False,True,-0.288271,0.862549,0.99289256,
67,2.2333333333333334,-16.99487,1.0,0.36093998,0.3200309,0.341832,False,True,-0.26350662,0.8621674,0.9901429,
68,2.2666666666666666,-15.168625,1.0,0.36101425,0.32004517,0.3404653,False,True,-0.23219025,0.8564554,0.9857585,
69,2.3,-12.805194,1.0,0.36113727,0.32011706,0.3387374,False,False,-0.19486307,0.85733324,0.98177135,
70,2.3333333333333335,-11.776715,1.0,0.36116666,0.32028967,0.3373542,False,False,-0.17908213,0.8589614,0.9791358,
71,2.3666666666666667,-10.940738,1.0,0.36126408,0.32044476,0.33622685,False,False,-0.16668856,0.862299,0.97731906,
72,2.4,-11.257258,1.0,0.3611698,0.32067645,0.33603632,False,False,-0.17210901,0.86467785,0.9763268,
73,2.433333333333333,-12.743775,1.0,0.36060518,0.3210414,0.33637378,False,False,-0.1950677,0.86251044,0.9755244,
74,2.466666666666667,-13.291635,1.0,0.36039945,0.32117015,0.33641633,False,False,-0.20379665,0.86268306,0.9749491,
75,2.5,-13.406393,1.0,0.36047575,0.32127377,0.33620298,False,False,-0.20632422,0.86563,0.97493833,
76,2.533333333333333,-13.573079,1.0,0.36075416,0.32140797,0.3360695,False,False,-0.20941126,0.8673853,0.9752381,
77,2.566666666666667,-14.037531,1.0,0.36087984,0.32155296,0.33601758,False,False,-0.21681473,0.867176,0.9748509,
78,2.6,-14.8971815,1.0,0.36096203,0.3218297,0.33609813,False,False,-0.23044066,0.86623114,0.9742302,
79,2.6333333333333333,-14.704353,1.0,0.36156163,0.32204223,0.3359971,False,False,-0.22796872,0.8686961,0.97418505,
80,2.6666666666666665,-15.0209875,1.0,0.36196905,0.32232222,0.33599746,False,True,-0.23323867,0.86918485,0.9736552,
81,2.7,-15.312769,1.0,0.36233026,0.32263127,0.3360335,False,True,-0.23790124,0.8688596,0.9731414,
82,2.7333333333333334,-15.614541,1.0,0.36263424,0.32295346,0.3362122,False,True,-0.24283719,0.8688936,0.972747,
83,2.7666666666666666,-15.594238,1.0,0.36312792,0.32322335,0.33619332,False,True,-0.24276397,0.86982054,0.97338027,
84,2.8,-16.160816,1.0,0.36332515,0.3234938,0.33642852,False,True,-0.25183892,0.8690531,0.9755799,
85,2.8333333333333335,-16.76529,1.0,0.36350167,0.3238013,0.33664468,False,True,-0.26220074,0.870356,0.9787009,
86,2.8666666666666667,-16.93688,1.0,0.36391094,0.32409215,0.33682013,False,True,-0.26589563,0.8731445,0.98154634,
87,2.9,-16.838633,1.0,0.3643908,0.32440403,0.3369564,False,True,-0.26555678,0.87742776,0.9826757,
88,2.933333333333333,-16.241665,1.0,0.36503375,0.3246269,0.33697227,False,True,-0.25656915,0.8807257,0.98353004,
89,2.966666666666667,-16.182392,1.0,0.36532032,0.32484868,0.3371493,False,True,-0.25572255,0.8812134,0.9838693,
90,3.0,-16.159367,1.0,0.36556265,0.3250571,0.3373589,False,True,-0.25554958,0.8819415,0.9843082,
91,3.033333333333333,-16.09859,1.0,0.36576873,0.32522666,0.33749518,False,True,-0.25447026,0.8817142,0.9839488,
92,3.066666666666667,-16.07904,1.0,0.36585987,0.325324,0.33762398,False,True,-0.25403437,0.88133264,0.98423976,
93,3.1,-16.331553,1.0,0.36557895,0.3253666,0.3378507,False,True,-0.25770625,0.8794884,0.98553365,
94,3.1333333333333333,-16.252142,1.0,0.36526415,0.32533047,0.33778238,False,True,-0.2565365,0.8800144,0.986975,
95,3.1666666666666665,-16.297333,1.0,0.36500525,0.32534096,0.33765283,False,True,-0.25734532,0.88020444,0.9883507,
96,3.2,-16.148552,1.0,0.36474437,0.3253416,0.33738905,False,True,-0.2551944,0.8813379,0.9897377,
97,3.2333333333333334,-15.603517,1.0,0.36443222,0.32533383,0.33702698,False,True,-0.24697632,0.88436013,0.9908548,
98,3.2666666666666666,-14.775963,1.0,0.36419296,0.32535604,0.33655977,False,False,-0.23472986,0.88992834,0.99202305,
99,3.3,-13.737134,1.0,0.36404938,0.3253429,0.33596995,False,False,-0.21910684,0.8962874,0.99276507,
100,3.3333333333333335,-12.97599,1.0,0.3637414,0.32539362,0.33517358,False,False,-0.20790438,0.9022576,0.9941018,
101,3.3666666666666667,-12.229798,1.0,0.3634901,0.3255402,0.33425733,False,False,-0.19673257,0.90763855,0.99543124,
102,3.4,-10.988314,1.0,0.36357212,0.32553166,0.3333559,False,False,-0.17724676,0.9128495,0.9970072,
103,3.433333333333333,-11.128184,1.0,0.3624627,0.32540992,0.33295318,False,False,-0.1789481,0.9097371,0.9978812,
104,3.466666666666667,-10.359554,1.0,0.3617349,0.32506412,0.33233777,False,False,-0.1677717,0.9177644,0.99949914,
105,3.5,-10.700628,1.0,0.3605945,0.3253388,0.33147433,False,False,-0.174326,0.9225388,0.9999998,
106,3.533333333333333,-10.377598,1.0,0.36016762,0.32610595,0.3305416,False,False,-0.17032605,0.93008167,0.99941695,
107,3.566666666666667,-6.7122216,1.0,0.36370713,0.32695478,0.32820052,False,False,-0.11137019,0.9463071,0.9978539,
108,3.6,-2.9086635,1.0,0.3658339,0.32738274,0.32659936,False,False,-0.048760083,0.9596664,0.9949137,
109,3.6333333333333333,0.2960105,1.0,0.36756968,0.32834205,0.3267037,False,False,0.0049865693,0.96519154,0.99180055,
110,3.6666666666666665,5.2756357,1.0,0.37006032,0.32916752,0.32660592,False,False,0.08867798,0.96035945,0.99136305,
111,3.7,13.30281,1.0,0.37157276,0.3296427,0.3259379,False,False,0.2204561,0.93239063,0.99193037,
112,3.7333333333333334,22.624344,1.0,0.37006846,0.32924303,0.32382432,True,False,0.36514086,0.8761451,0.990757,
113,3.7666666666666666,31.73726,1.0,0.36733016,0.3281384,0.32106915,True,False,0.49049997,0.79303306,0.9903465,
114,3.8,39.162117,1.0,0.36271217,0.32670394,0.31878182,True,False,0.5827287,0.71546125,0.9861551,
115,3.8333333333333335,44.275333,1.0,0.35922098,0.3256445,0.3138736,True,False,0.6370961,0.65341914,0.9825535,
116,3.8666666666666667,49.036385,1.0,0.35634503,0.32442647,0.3082695,True,False,0.6764368,0.5872637,0.97979623,
117,3.9,51.532185,1.0,0.35258555,0.32354516,0.3048057,True,False,0.69601834,0.5529999,0.97566295,
118,3.933333333333333,54.290905,1.0,0.34863755,0.32225776,0.3014087,True,False,0.7088451,0.50952744,0.9718988,
119,3.966666666666667,55.273476,1.0,0.34379,0.32152337,0.2975113,True,False,0.7085577,0.49111402,0.9670924,
120,4.0,53.292263,1.0,0.3420293,0.32092053,0.29419982,True,False,0.6935216,0.5170807,0.96377397,
121,4.033333333333333,45.68303,1.0,0.34215185,0.32005864,0.2931841,True,False,0.63158643,0.6167047,0.96459377,
122,4.066666666666666,35.68409,1.0,0.34346265,0.3185526,0.29617733,True,False,0.5187301,0.7223125,0.9672593,
123,4.1,26.614834,1.0,0.3419767,0.31858385,0.2998025,True,False,0.40357095,0.80539167,0.971184,
124,4.133333333333334,20.466785,1.0,0.3435805,0.31866035,0.3020399,True,False,0.31408164,0.8415363,0.97869134,
125,4.166666666666667,17.218712,1.0,0.34393093,0.31852055,0.30430532,True,False,0.26683122,0.8609969,0.9819063,
126,4.2,16.1435,1.0,0.34311545,0.31766474,0.30657867,True,False,0.25189605,0.8702341,0.9824758,
127,4.233333333333333,13.70425,1.0,0.34206912,0.31744543,0.3090043,False,False,0.21920595,0.89892906,0.9770053,
128,4.266666666666667,12.014087,1.0,0.3408863,0.3181833,0.31013814,False,False,0.19768149,0.9288952,0.971614,
129,4.3,10.3376255,1.0,0.3432555,0.31904674,0.31100264,False,False,0.17198427,0.9428483,0.97759753,
130,4.333333333333333,9.850484,1.0,0.35035524,0.32004213,0.31101286,False,False,0.16288866,0.93809587,0.9921466,
131,4.366666666666666,11.250671,1.0,0.35363963,0.3217679,0.31376714,False,False,0.18742234,0.94217795,0.9954285,
132,4.4,11.990442,1.0,0.35729256,0.32324547,0.31624767,False,False,0.1990934,0.93742967,0.9984837,
133,4.433333333333334,10.411688,1.0,0.36005494,0.324325,0.31999585,False,False,0.1728989,0.94097084,0.99944884,
134,4.466666666666667,8.37549,1.0,0.36164138,0.32499236,0.322346,False,False,0.1397853,0.9494344,0.9996898,
135,4.5,6.350471,1.0,0.36313084,0.3257319,0.32256976,False,False,0.1067601,0.9592728,0.9996749,
136,4.533333333333333,5.5418344,1.0,0.3643033,0.32648706,0.32304394,False,False,0.0938887,0.9676652,0.9995615,
137,4.566666666666666,4.765872,1.0,0.36509654,0.3270736,0.3247973,False,False,0.08123829,0.97440106,0.9994326,
138,4.6,2.3588128,1.0,0.36587027,0.32755977,0.32662067,False,False,0.040493526,0.9830357,0.9992057,
139,4.633333333333334,1.4010338,1.0,0.36581585,0.32795602,0.32917017,False,False,0.024148792,0.9873767,0.9982836,
140,4.666666666666667,0.61240906,1.0,0.36671284,0.32851806,0.33135763,False,False,0.010563143,0.988229,0.9981368,
141,4.7,-0.6175152,1.0,0.36813626,0.32908338,0.3331957,False,False,-0.010647997,0.9879297,0.99893415,
142,4.733333333333333,-3.0884101,1.0,0.37074906,0.3298955,0.33509678,False,False,-0.05320336,0.98606557,0.9999857,
143,4.766666666666667,-4.260513,1.0,0.37250662,0.33090594,0.3329038,False,False,-0.07346659,0.9861639,0.9997796,
144,4.8,-5.3014994,1.0,0.37481204,0.33200553,0.3308128,False,False,-0.09134805,0.98442197,0.9999908,
145,4.833333333333333,-6.3316193,1.0,0.37769222,0.33329892,0.33376384,False,False,-0.10874984,0.98008454,0.9986257,
146,4.866666666666666,-7.728935,1.0,0.3795596,0.3342504,0.33620864,False,False,-0.13264945,0.97737885,0.99565816,
147,4.9,-8.287598,1.0,0.38209513,0.335889,0.33802623,False,False,-0.1423977,0.9775821,0.9942149,
148,4.933333333333334,-7.0657554,1.0,0.38381448,0.33700308,0.33965367,False,False,-0.12181905,0.9828105,0.9946818,
149,4.966666666666667,-5.14469,1.0,0.38489723,0.33797562,0.34127456,False,False,-0.089014426,0.988677,0.996675,
150,5.0,-3.6143565,1.0,0.38537896,0.33852118,0.34304038,False,False,-0.06264795,0.99179494,0.9975319,
151,5.033333333333333,-2.7611732,1.0,0.38527557,0.33887538,0.3437658,False,False,-0.047936015,0.993927,0.9985127,
152,5.066666666666666,-2.1008265,1.0,0.3848162,0.33873692,0.34349787,False,False,-0.036514323,0.9954077,0.9983173,
153,5.1,-1.0730786,1.0,0.3837174,0.3382342,0.34223682,False,False,-0.01867531,0.9970297,0.9987535,
154,5.133333333333334,0.4498807,1.0,0.37997124,0.33673763,0.33845183,False,False,0.007846987,0.9993538,0.9999201,
155,5.166666666666667,0.6717881,1.0,0.37842178,0.33577573,0.33666003,False,False,0.011722185,0.9997214,0.9995769,
156,5.2,1.5548722,1.0,0.37703538,0.3352665,0.3373912,False,False,0.027133856,0.9996151,0.9994953,
157,5.233333333333333,4.461381,1.0,0.37554285,0.3351513,0.3384184,False,False,0.07773812,0.9963418,0.9996697,
158,5.266666666666667,4.3898683,1.0,0.37414867,0.33499306,0.34047297,False,False,0.07628099,0.99365693,0.99926406,
159,5.3,6.4490495,1.0,0.37369275,0.33475524,0.34046736,False,False,0.11185784,0.9895867,0.9989413,
160,5.333333333333333,7.97402,1.0,0.37338388,0.33436745,0.34025595,False,False,0.1382205,0.9867362,0.9991968,
161,5.366666666666666,10.04029,1.0,0.37252635,0.3340283,0.33927017,False,False,0.17371228,0.9811364,0.99944735,
162,5.4,11.785174,1.0,0.37288967,0.33404785,0.3367173,False,False,0.20364356,0.97604835,0.9999676,
163,5.433333333333334,9.619682,1.0,0.3740091,0.3340502,0.33801916,False,False,0.16649097,0.9823014,0.99960136,
164,5.466666666666667,8.511024,1.0,0.37439007,0.33396122,0.33797842,False,False,0.14721495,0.98374325,0.99918187,
165,5.5,8.417692,1.0,0.37452778,0.33382085,0.33793613,False,False,0.14550893,0.9832834,0.9984471,
166,5.533333333333333,6.9975142,1.0,0.3748452,0.3334369,0.3385425,False,False,0.12110482,0.9866734,0.99764836,
167,5.566666666666666,5.5505686,1.0,0.37321815,0.33237773,0.3377498,False,False,0.09596072,0.98745435,0.99870384,
168,5.6,3.83426,1.0,0.37102464,0.33115983,0.3373326,False,False,0.066087045,0.9860714,0.9995673,
169,5.633333333333334,3.152174,1.0,0.36712313,0.3301547,0.33959863,False,False,0.053776428,0.9764857,0.99994487,
170,5.666666666666667,2.1496685,1.0,0.36403567,0.32941106,0.34041455,False,False,0.03637787,0.9691355,0.9999361,
171,5.7,0.3575957,1.0,0.36151287,0.32896847,0.34237263,False,False,0.006028287,0.96586984,0.9995997,
172,5.733333333333333,-1.7168825,1.0,0.36017004,0.32875943,0.3429977,False,False,-0.028905734,0.964353,0.99925286,
173,5.766666666666667,-3.8839586,1.0,0.35972494,0.32886177,0.34304103,False,False,-0.065411806,0.96347004,0.99890625,
174,5.8,-4.7112193,1.0,0.35977104,0.32900122,0.3428985,False,False,-0.07930043,0.9622425,0.9988044,
175,5.833333333333333,-4.9646187,1.0,0.3590977,0.3290404,0.34240645,False,False,-0.08340778,0.960184,0.99818546,
176,5.866666666666666,-4.575618,1.0,0.35990044,0.32912374,0.34146824,False,False,-0.076977484,0.9618602,0.9986392,
177,5.9,-4.484617,1.0,0.35958531,0.32906646,0.34028587,False,False,-0.07542294,0.96164006,0.99872607,
178,5.933333333333334,-4.3272533,1.0,0.3586582,0.3289213,0.33948952,False,False,-0.07255003,0.9587846,0.9985581,
179,5.966666666666667,-3.6133363,1.0,0.35803673,0.32880795,0.3386879,False,False,-0.060310077,0.95505375,0.9984363,
180,6.0,-2.9401085,1.0,0.3572,0.3288048,0.33782625,False,False,-0.048894957,0.9520108,0.99797153,
181,6.033333333333333,-2.62617,1.0,0.35655716,0.32874367,0.33770084,False,False,-0.043537658,0.94920623,0.9975757,
182,6.066666666666666,-0.4602421,1.0,0.34048513,0.3267731,0.33352214,False,False,-0.007289756,0.907486,0.9800963,
183,6.1,0.28998038,1.0,0.34757748,0.32638302,0.33188048,False,False,0.0047150757,0.9316203,0.9911716,
184,6.133333333333334,0.6750147,1.0,0.3488628,0.32631102,0.3306679,False,False,0.010975983,0.93160695,0.9923247,
185,6.166666666666667,-0.5159676,1.0,0.33516628,0.32550874,0.32804194,False,False,-0.0079923235,0.8874859,0.9738764,
186,6.2,-0.7712644,1.0,0.34358716,0.3248292,0.32814002,False,False,-0.012360042,0.91814876,0.9873639,
187,6.233333333333333,-1.9267702,1.0,0.34718642,0.32484984,0.32886216,False,False,-0.031393107,0.9331753,0.99159765,
188,6.266666666666667,-2.7390018,1.0,0.3494354,0.32500097,0.3296773,False,False,-0.04506477,0.9419686,0.9933494,
189,6.3,-4.274813,1.0,0.35041445,0.32527307,0.331019,False,False,-0.07068133,0.9455909,0.994262,
190,6.333333333333333,-6.911165,1.0,0.34943315,0.32549432,0.33240128,False,False,-0.11433925,0.9433072,0.9941498,
191,6.366666666666666,-11.020234,1.0,0.3479062,0.32576513,0.334619,False,False,-0.18253088,0.93727267,0.99306947,
192,6.4,-12.925486,1.0,0.34645155,0.32598242,0.33589366,False,False,-0.21338382,0.929782,0.9904854,
193,6.433333333333334,-13.888901,1.0,0.34609315,0.32629028,0.33645964,False,False,-0.22885936,0.9255466,0.9887395,
194,6.466666666666667,-15.103943,1.0,0.34544984,0.32654807,0.336801,False,True,-0.24813282,0.91936946,0.98793465,
195,6.5,-15.424766,1.0,0.3460269,0.32690525,0.33701396,False,True,-0.2531302,0.9174343,0.9883463,
196,6.533333333333333,-13.499799,1.0,0.3474026,0.3272843,0.33650738,False,False,-0.22061606,0.91894615,0.986413,
197,6.566666666666666,-12.536568,1.0,0.34885284,0.32751706,0.336106,False,False,-0.20443101,0.9193515,0.9879126,
198,6.6,-11.441969,1.0,0.35055783,0.32765704,0.3354724,False,False,-0.18618433,0.9198932,0.9906323,
199,6.633333333333334,-10.559083,1.0,0.35129264,0.32775992,0.33482823,False,False,-0.17123981,0.9186395,0.9926534,
200,6.666666666666667,-9.872234,1.0,0.35171297,0.32786638,0.33434772,False,False,-0.15960844,0.91713893,0.99385315,
201,6.7,-11.103483,1.0,0.3504445,0.32801557,0.33460927,False,False,-0.17951958,0.9147245,0.9930694,
202,6.733333333333333,-11.777143,1.0,0.34962118,0.32809857,0.3349125,False,False,-0.19030645,0.9127645,0.9924038,
203,6.766666666666667,-14.374771,1.0,0.34775487,0.3281042,0.33534122,False,False,-0.23329887,0.9103029,0.9915106,
204,6.8,-17.007008,1.0,0.34645537,0.32816213,0.33579907,False,True,-0.2773538,0.9067867,0.9909271,
205,6.833333333333333,-18.430874,1.0,0.34506464,0.32822603,0.3361552,False,True,-0.30062103,0.90207696,0.98822063,
206,6.866666666666666,-19.326756,1.0,0.34510422,0.32826596,0.3361168,False,True,-0.31655458,0.9025866,0.987533,
207,6.9,-19.487108,1.0,0.34528497,0.32825512,0.3358078,False,True,-0.31982747,0.90381116,0.98657936,
208,6.933333333333334,-18.376255,1.0,0.34461898,0.32810652,0.33467418,False,True,-0.3012721,0.906912,0.98365,
209,6.966666666666667,-16.816202,1.0,0.34435645,0.32793167,0.3334474,False,True,-0.2757851,0.91251165,0.98074114,
210,7.0,-15.816079,1.0,0.3451368,0.32776162,0.33212954,False,True,-0.26017857,0.91846764,0.9796018,
211,7.033333333333333,-16.029219,1.0,0.34537882,0.32761773,0.33150482,False,True,-0.2641734,0.919512,0.9778593,
212,7.066666666666666,-16.68634,1.0,0.34529477,0.32740194,0.33119208,False,True,-0.275146,0.9179043,0.97596234,
213,7.1,-17.432219,1.0,0.34558806,0.32720375,0.33082715,False,True,-0.28793633,0.91699857,0.97520345,
214,7.133333333333334,-17.457567,1.0,0.34551883,0.32689294,0.32979977,False,True,-0.28847748,0.91730195,0.97484446,
215,7.166666666666667,-17.402943,1.0,0.34604856,0.32655954,0.32897976,False,True,-0.2879439,0.91866475,0.9764936,
216,7.2,-16.17967,1.0,0.34755766,0.3263853,0.3280463,False,True,-0.2684775,0.92533094,0.9776035,
217,7.233333333333333,-15.706251,1.0,0.34869528,0.32629174,0.3271892,False,True,-0.26109746,0.9284949,0.97996306,
218,7.266666666666667,-16.380226,1.0,0.34978393,0.32623574,0.32672405,False,True,-0.27291697,0.9284752,0.9833351,
219,7.3,-16.723663,1.0,0.35091385,0.32623762,0.32622683,False,True,-0.2789317,0.92833465,0.9859484,
220,7.333333333333333,-16.735563,1.0,0.35256612,0.32643467,0.32653126,False,True,-0.27968672,0.9301463,0.98796535,
221,7.366666666666666,-16.780016,1.0,0.35393268,0.3266691,0.32709685,False,True,-0.28095263,0.9317344,0.9893016,
222,7.4,-17.081247,1.0,0.35495916,0.32686913,0.32736,False,True,-0.28573138,0.92986715,0.99027884,
223,7.433333333333334,-17.742085,1.0,0.35576388,0.32704136,0.3275443,False,True,-0.2965921,0.92699444,0.99121976,
224,7.466666666666667,-18.06358,1.0,0.35670778,0.32721335,0.32763818,False,True,-0.30192944,0.9257465,0.99180746,
225,7.5,-18.298628,1.0,0.35788742,0.32740933,0.32815945,False,True,-0.30604145,0.92545813,0.9926402,
226,7.533333333333333,-18.24336,1.0,0.35903436,0.32761785,0.32880837,False,True,-0.30517146,0.92582226,0.9931426,
227,7.566666666666666,-18.200663,1.0,0.36024928,0.32782298,0.3292127,False,True,-0.30459332,0.9263897,0.9941423,
228,7.6,-18.34441,1.0,0.36120617,0.32808763,0.3303659,False,True,-0.30711693,0.9262269,0.993957,
229,7.633333333333334,-19.200155,1.0,0.3616168,0.32843846,0.3318249,False,True,-0.3211143,0.92210656,0.9936741,
230,7.666666666666667,-19.42991,1.0,0.36315402,0.3288015,0.33317125,False,True,-0.3252205,0.92197704,0.9947901,
231,7.7,-19.910805,1.0,0.36314797,0.3290047,0.3341921,False,True,-0.3324633,0.9178788,0.9939559,
232,7.733333333333333,-20.111347,1.0,0.3626757,0.32918897,0.33559108,False,True,-0.33496645,0.91477734,0.9917785,
233,7.766666666666667,-20.205276,1.0,0.3616218,0.32918602,0.33673617,False,True,-0.33621648,0.91354996,0.9886313,
234,7.8,-19.967237,1.0,0.36051857,0.32904753,0.33718315,False,True,-0.33188954,0.91348386,0.9854629,
235,7.833333333333333,-19.742548,1.0,0.3594253,0.32884848,0.33688736,False,True,-0.3275842,0.9127708,0.983323,
236,7.866666666666666,-20.419575,1.0,0.35845476,0.328751,0.33646932,False,True,-0.3386374,0.9096172,0.98267233,
237,7.9,-20.501028,1.0,0.35760424,0.32858986,0.33580768,False,True,-0.3401472,0.9097152,0.9806239,
238,7.933333333333334,-19.9696,1.0,0.35736898,0.32831007,0.3343217,False,True,-0.3320461,0.9137973,0.98059446,
239,7.966666666666667,-19.717487,1.0,0.3569249,0.32809475,0.33310997,False,True,-0.32803625,0.9152893,0.9797289,
240,8.0,-19.824781,1.0,0.35621053,0.32780138,0.33179715,False,True,-0.32971475,0.91457653,0.9784025,
241,8.033333333333333,-19.48107,1.0,0.35532606,0.32750842,0.32996672,False,True,-0.32444665,0.91717196,0.976099,
242,8.066666666666666,-19.401714,1.0,0.35453144,0.32717043,0.32826084,False,True,-0.32317019,0.91760373,0.97460824,
243,8.1,-19.6882,1.0,0.3538934,0.3268661,0.3259497,False,True,-0.32846713,0.9179687,0.97508705,
244,8.133333333333333,-19.094334,1.0,0.35403946,0.32678232,0.32470813,False,True,-0.3191524,0.92195195,0.97463304,
245,8.166666666666666,-18.248755,1.0,0.35417005,0.32674134,0.32360727,False,True,-0.30550072,0.9265277,0.9738447,
246,8.2,-16.476885,1.0,0.3544923,0.3267092,0.3222931,False,True,-0.2770552,0.93671024,0.97183555,
247,8.233333333333333,-15.242813,1.0,0.35472068,0.326729,0.32171494,False,True,-0.25669724,0.9420202,0.9693541,
248,8.266666666666667,-14.153639,1.0,0.35477245,0.3265732,0.32040817,False,False,-0.23867495,0.9464538,0.96860594,
249,8.3,-12.747697,1.0,0.35460111,0.3263347,0.31916055,False,False,-0.21497083,0.9502117,0.9689057,
250,8.333333333333334,-12.127016,1.0,0.3548705,0.32619992,0.31806538,False,False,-0.20541337,0.95596826,0.9694695,
251,8.366666666666667,-13.914747,1.0,0.35368678,0.32578456,0.31732455,False,False,-0.23564085,0.95113057,0.9676292,
252,8.4,-12.414803,1.0,0.3540613,0.32525054,0.31829253,False,False,-0.21053833,0.9564049,0.96880287,
253,8.433333333333334,-16.160852,1.0,0.35248482,0.32497242,0.31844106,False,True,-0.27330357,0.9431218,0.9695286,
254,8.466666666666667,-18.79914,1.0,0.35063708,0.32458547,0.3185814,False,True,-0.3165788,0.9299897,0.96895385,
255,8.5,-20.926586,1.0,0.34927765,0.32413554,0.31800506,False,True,-0.35040373,0.9163405,0.96831584,
256,8.533333333333333,-22.527224,1.0,0.34721428,0.32387573,0.31656557,False,True,-0.37588912,0.90625846,0.9638752,
257,8.566666666666666,-23.912857,1.0,0.345704,0.32355696,0.31547642,False,True,-0.39771384,0.8969488,0.9619883,
258,8.6,-23.770588,1.0,0.3441762,0.32333416,0.31174725,False,True,-0.39623874,0.8996439,0.9568941,
259,8.633333333333333,-23.931572,1.0,0.34287056,0.32300708,0.30796868,False,True,-0.39967716,0.90058255,0.95499873,
260,8.666666666666666,-25.328217,1.0,0.3413521,0.32274592,0.30566713,False,True,-0.4221564,0.89194155,0.9534466,
261,8.7,-27.058046,1.0,0.34112987,0.32233235,0.30868548,False,True,-0.448674,0.87837124,0.957709,
262,8.733333333333333,-28.798681,1.0,0.33978492,0.32214156,0.30962545,False,True,-0.47491932,0.8639221,0.95803493,
263,8.766666666666667,-29.64914,1.0,0.33838633,0.3219602,0.30977747,False,True,-0.4862129,0.85418284,0.9571877,
264,8.8,-29.169304,1.0,0.33715063,0.32183704,0.3090378,False,True,-0.4762733,0.8532638,0.95322186,
265,8.833333333333334,-27.103725,1.0,0.3379067,0.32128578,0.3075107,False,True,-0.44311017,0.8657743,0.95496356,
266,8.866666666666667,-26.791107,1.0,0.3359934,0.32111233,0.30612513,False,True,-0.43603992,0.8635453,0.9541079,
267,8.9,-25.7864,1.0,0.33509922,0.3211746,0.30487394,False,True,-0.4190566,0.8673855,0.95374507,
268,8.933333333333334,-26.067635,1.0,0.3335458,0.3210436,0.30382705,False,True,-0.42168355,0.86199534,0.95551777,
269,8.966666666666667,-25.450478,1.0,0.3329555,0.3209429,0.3033703,False,True,-0.41065356,0.86287165,0.9554934,
270,9.0,-22.826874,1.0,0.33441338,0.32085606,0.3024125,False,True,-0.3695603,0.8779962,0.956735,
271,9.033333333333333,-20.631311,1.0,0.33560073,0.3209532,0.30174196,False,True,-0.33612016,0.8927515,0.95775235,
272,9.066666666666666,-19.864527,1.0,0.33452326,0.32078612,0.30207136,False,True,-0.32278788,0.8934195,0.9556954,
273,9.1,-17.388617,1.0,0.33485097,0.32081538,0.30042067,False,True,-0.28407216,0.9071068,0.95571244,
274,9.133333333333333,-17.835709,1.0,0.3353588,0.32087284,0.30205184,False,True,-0.29246163,0.9089645,0.955585,
275,9.166666666666666,-20.838108,1.0,0.3349332,0.32075888,0.30536377,False,True,-0.34102297,0.89595366,0.9552194,
276,9.2,-22.931847,1.0,0.3345852,0.32092437,0.30779648,False,True,-0.37352565,0.8828896,0.9535888,
277,9.233333333333333,-22.752401,1.0,0.33566615,0.32134348,0.30918682,False,True,-0.37070772,0.88393366,0.95374954,
278,9.266666666666667,-19.94556,1.0,0.33590448,0.3219966,0.31210122,False,True,-0.3242768,0.89358395,0.95271486,
279,9.3,-16.943085,1.0,0.33634186,0.32267484,0.31376827,False,True,-0.27551103,0.90436804,0.95315444,
280,9.333333333333334,-14.455808,1.0,0.33788368,0.32325068,0.31492397,False,False,-0.23627606,0.91652733,0.9603357,
281,9.366666666666667,-13.132136,1.0,0.33863285,0.3237896,0.31498885,False,False,-0.21496351,0.92140925,0.96102905,
282,9.4,-12.343447,1.0,0.3384742,0.32405218,0.31405064,False,False,-0.20140164,0.9203577,0.9590478,
283,9.433333333333334,-11.629594,1.0,0.3389734,0.3243015,0.31353268,False,False,-0.18986624,0.9225368,0.9594765,
284,9.466666666666667,-13.552249,1.0,0.33708614,0.32448792,0.3122222,False,False,-0.21964069,0.91120785,0.94638336,
285,9.5,-12.884716,1.0,0.33511412,0.32432052,0.31230053,False,False,-0.20682834,0.9041682,0.9406261,
286,9.533333333333333,-8.740642,1.0,0.3356892,0.32443267,0.31760225,False,False,-0.14012593,0.9114028,0.94646513,
287,9.566666666666666,-4.558681,1.0,0.33600673,0.32463944,0.31827223,False,False,-0.073195726,0.91801834,0.9484872,
288,9.6,-3.643836,1.0,0.33829114,0.32476065,0.318391,False,False,-0.05935365,0.93201977,0.95799226,
289,9.633333333333333,-5.174146,1.0,0.33895645,0.3250802,0.316338,False,False,-0.0851082,0.93988013,0.96566355,
290,9.666666666666666,-3.5569515,1.0,0.34167522,0.32456082,0.3162239,False,False,-0.05962898,0.9592761,0.9808901,
291,9.7,-2.4981642,1.0,0.34262386,0.32450104,0.3156836,False,False,-0.042197257,0.96718717,0.9859428,
292,9.733333333333333,0.60586953,1.0,0.34420028,0.32455888,0.31503674,False,False,0.010342199,0.978003,0.98905796,
293,9.766666666666667,7.1608915,1.0,0.3458548,0.32433096,0.3080875,False,False,0.12286068,0.97791,0.9925826,
294,9.8,5.6807013,1.0,0.34491283,0.32448477,0.3096059,False,False,0.09751069,0.9802719,0.99107915,
295,9.833333333333334,8.907901,1.0,0.34601113,0.32470927,0.30898967,False,False,0.15380591,0.9812987,0.99146855,
296,9.866666666666667,11.1881075,1.0,0.34704804,0.32494307,0.30669954,False,False,0.19380225,0.97984016,0.98828375,
297,9.9,13.252231,1.0,0.34833255,0.32542053,0.30464855,False,False,0.22922151,0.973299,0.9854198,
298,9.933333333333334,13.374565,1.0,0.35122192,0.32621628,0.30507433,False,False,0.23075216,0.970507,0.98799497,
299,9.966666666666667,13.30807,1.0,0.35332856,0.3268707,0.30699816,False,False,0.22875308,0.96708506,0.99042517,
300,10.0,12.448008,1.0,0.35522458,0.32745907,0.3096718,False,False,0.21348667,0.9671285,0.99263597,
301,10.033333333333333,11.163914,1.0,0.35686433,0.32807288,0.31214884,False,False,0.19131164,0.9693983,0.99450403,
302,10.066666666666666,9.919145,1.0,0.35712,0.32821238,0.3144299,False,False,0.16993573,0.9717706,0.99538124,
303,10.1,9.050082,1.0,0.35779336,0.32849127,0.31588745,False,False,0.15455443,0.970328,0.9962804,
304,10.133333333333333,8.428293,1.0,0.35882282,0.32887435,0.31735313,False,False,0.14374302,0.9701107,0.9970689,
305,10.166666666666666,8.162967,1.0,0.35965812,0.3292882,0.3186294,False,False,0.13902038,0.9691715,0.9971167,
306,10.2,6.977275,1.0,0.3605664,0.32977718,0.32084054,False,False,0.11890836,0.9716166,0.996973,
307,10.233333333333333,5.363981,1.0,0.36212492,0.33045074,0.32279873,False,False,0.09150402,0.9745501,0.9971712,
308,10.266666666666667,4.5470757,1.0,0.36362448,0.33110318,0.3253383,False,False,0.07784122,0.9787842,0.99712837,
309,10.3,4.2847824,1.0,0.36511096,0.3317606,0.32760423,False,False,0.07343936,0.98019403,0.99759287,
310,10.333333333333334,4.1507764,1.0,0.36629826,0.33227152,0.32938588,False,False,0.07124239,0.98168254,0.99786824,
311,10.366666666666667,4.9419966,1.0,0.36706144,0.33254236,0.33030728,False,False,0.08500008,0.98301613,0.99789476,
312,10.4,4.797738,1.0,0.3675948,0.33259833,0.3305596,False,False,0.08257039,0.98377025,0.9980211,
313,10.433333333333334,4.242294,1.0,0.3680486,0.3325956,0.33036616,False,False,0.073058054,0.98490715,0.99793845,
314,10.466666666666667,3.0886247,1.0,0.36838835,0.3325742,0.33022332,False,False,0.053319767,0.98815423,0.99761677,
315,10.5,1.6776072,1.0,0.36867976,0.33258483,0.32986268,False,False,0.029072627,0.9926416,0.9963733,
316,10.533333333333333,1.5923709,1.0,0.36934707,0.332741,0.3293963,False,False,0.027665861,0.9952008,0.9964907,
317,10.566666666666666,2.4396527,1.0,0.36856627,0.33274966,0.32927728,False,False,0.04247843,0.99701226,0.9951423,
318,10.6,2.5649757,1.0,0.36843863,0.33254007,0.32926807,False,False,0.044675287,0.99727845,0.9968217,
319,10.633333333333333,1.9416549,1.0,0.36848372,0.33227798,0.3292224,False,False,0.03382435,0.9977316,0.99850297,
320,10.666666666666666,0.6870835,1.0,0.3689346,0.33230665,0.32906643,False,False,0.011974888,0.998536,0.99929464,
321,10.7,0.92663604,1.0,0.3695602,0.3326693,0.32958946,False,False,0.01615849,0.9990249,0.9998042,
322,10.733333333333333,2.421498,1.0,0.36970156,0.33279416,0.33001304,False,False,0.04221899,0.99836105,0.99999684,
323,10.766666666666667,3.0357456,1.0,0.37073326,0.33318403,0.33054757,False,False,0.052912384,0.9977182,0.9999251,
324,10.8,4.48914,1.0,0.3709637,0.3331784,0.3313423,False,False,0.078184485,0.9958412,0.9995789,
325,10.833333333333334,4.752654,1.0,0.37049556,0.33309734,0.33220676,False,False,0.08276756,0.99551743,0.99931896,
326,10.866666666666667,4.619106,1.0,0.36916837,0.3327503,0.33333108,False,False,0.08043687,0.9955831,0.9992495,
327,10.9,2.3152554,1.0,0.36800072,0.33173344,0.33419484,False,False,0.040352263,0.99805653,0.99903446,
328,10.933333333333334,-1.4759774,1.0,0.3679408,0.33104473,0.33418116,False,False,-0.025712479,0.9979086,0.9983471,
329,10.966666666666667,-3.6814828,1.0,0.36753693,0.33037585,0.33349606,False,False,-0.064061984,0.9956392,0.9972609,
330,11.0,-6.9215064,1.0,0.36682788,0.32963336,0.3333103,False,False,-0.12001875,0.98866975,0.9958446,
331,11.033333333333333,-10.698108,1.0,0.3656012,0.32862407,0.33335963,False,False,-0.18449053,0.9765653,0.99472433,
332,11.066666666666666,-14.484781,1.0,0.3642658,0.3276698,0.3331878,False,False,-0.24794659,0.95978993,0.99340427,
333,11.1,-19.922663,1.0,0.36246425,0.3268248,0.3324073,False,True,-0.33686456,0.92942923,0.9905736,
334,11.133333333333333,-24.471668,1.0,0.36062953,0.3265055,0.3319535,False,True,-0.40860352,0.8977747,0.9898558,
335,11.166666666666666,-27.393288,1.0,0.35899508,0.32680646,0.33181676,False,True,-0.4535768,0.87528926,0.9919444,
336,11.2,-28.044361,1.0,0.35799778,0.32695052,0.33146513,False,True,-0.4637766,0.87061006,0.99455833,
337,11.233333333333333,-27.341429,1.0,0.35725936,0.32660878,0.33070967,False,True,-0.45381737,0.8776973,0.99689925,
338,11.266666666666667,-26.930902,1.0,0.35562015,0.3262923,0.32958293,False,True,-0.44698235,0.8798738,0.99775225,
339,11.3,-27.791342,1.0,0.35091278,0.32514146,0.32596344,False,True,-0.4594629,0.8717682,0.99904364,
340,11.333333333333334,-25.456501,1.0,0.35076505,0.32450908,0.32465306,False,True,-0.4227587,0.8880665,0.99969053,
341,11.366666666666667,-22.728094,1.0,0.35144532,0.32426777,0.32404825,False,True,-0.378446,0.9034597,0.9997191,
342,11.4,-21.179209,1.0,0.35199627,0.32443067,0.32409978,False,True,-0.35254258,0.90988815,0.999726,
343,11.433333333333334,-19.60274,1.0,0.35269514,0.32478312,0.3244519,False,True,-0.3262553,0.91609263,0.99970764,
344,11.466666666666667,-16.007786,1.0,0.35349527,0.3246004,0.3245394,False,True,-0.26873723,0.9367176,0.9999058,
345,11.5,-13.590271,1.0,0.3538965,0.3245412,0.32475936,False,False,-0.22865924,0.9458667,0.9998816,
346,11.533333333333333,-12.219653,1.0,0.35413775,0.3245207,0.32529408,False,False,-0.2056922,0.94978666,0.9999489,
347,11.566666666666666,-13.694638,1.0,0.35432076,0.32512152,0.32609156,False,False,-0.22985624,0.9432918,0.99993324,
348,11.6,-12.892925,1.0,0.35466105,0.32544586,0.32671046,False,False,-0.21610695,0.9441081,0.9999979,
349,11.633333333333333,-10.14042,1.0,0.3551757,0.3255524,0.32722005,False,False,-0.16983813,0.9495852,0.9999987,
350,11.666666666666666,-8.070892,1.0,0.35572132,0.32577863,0.3275354,False,False,-0.13474372,0.950219,0.9999907,
351,11.7,-6.202411,1.0,0.3555721,0.32554737,0.32711157,False,False,-0.10324264,0.9499923,0.99989253,
352,11.733333333333333,-5.7257347,1.0,0.35486314,0.32515764,0.32647252,False,False,-0.09437597,0.9412472,0.99989533,
353,11.766666666666667,-4.7607627,1.0,0.35370702,0.32453,0.3253522,False,False,-0.077062696,0.9253141,1.0,
354,11.8,-5.063504,1.0,0.3528643,0.32436955,0.32451808,False,False,-0.081127115,0.9155979,0.9999912,
355,11.833333333333334,-2.9761696,1.0,0.35182303,0.3241074,0.32331705,False,False,-0.04770796,0.91762435,0.99993914,
356,11.866666666666667,0.41718525,1.0,0.3503548,0.32399473,0.32100537,False,False,0.006688565,0.91858417,0.9992449,
357,11.9,-0.6688899,1.0,0.35055897,0.32493442,0.32009137,False,False,-0.01067099,0.9140142,0.9989749,
358,11.933333333333334,-0.10247023,1.0,0.35090044,0.32554886,0.31980336,False,False,-0.0016400889,0.9170475,0.9989945,
359,11.966666666666667,-0.19846857,1.0,0.35288137,0.32727158,0.31966904,False,False,-0.003174834,0.9165373,0.9987159,
360,12.0,-0.40574548,1.0,0.35584408,0.32942057,0.31870916,False,False,-0.0065351464,0.92282,0.9985024,
361,12.033333333333333,-2.667384,1.0,0.35854712,0.33071023,0.3204354,False,False,-0.044356905,0.952104,0.99992937,
362,12.066666666666666,-3.704416,1.0,0.35876915,0.33076042,0.31955767,False,False,-0.06264135,0.96751624,0.9996893,
363,12.1,-3.659509,1.0,0.35618213,0.32943788,0.32059655,False,False,-0.06262487,0.9791642,0.998076,
364,12.133333333333333,-8.115043,1.0,0.35570472,0.32911184,0.31928375,False,False,-0.1399814,0.98171276,0.9956076,
365,12.166666666666666,-10.728201,1.0,0.3562027,0.32908818,0.31524098,False,False,-0.18530118,0.9780399,0.9966064,
366,12.2,-12.37141,1.0,0.35799026,0.32984418,0.3143693,False,False,-0.21389623,0.9751757,0.99694693,
367,12.233333333333333,-14.600241,1.0,0.3579698,0.3301657,0.3157451,False,False,-0.25207263,0.9677051,0.9953535,
368,12.266666666666667,-13.927861,1.0,0.3527483,0.32856464,0.31493357,False,False,-0.24005412,0.9679948,0.98200047,
369,12.3,-14.024759,1.0,0.35155228,0.32971913,0.31324333,False,False,-0.24026285,0.9618707,0.9757285,
370,12.333333333333334,-13.255427,1.0,0.35268068,0.33058327,0.31329238,False,False,-0.22691745,0.96327484,0.9786407,
371,12.366666666666667,-13.438669,1.0,0.3556458,0.33112314,0.313261,False,False,-0.23040612,0.96425635,0.9839171,
372,12.4,-15.212717,1.0,0.35637644,0.3316329,0.31745085,False,True,-0.26001778,0.9561855,0.9833033,
373,12.433333333333334,-16.964468,1.0,0.3581174,0.33276558,0.31442162,False,True,-0.2894642,0.948899,0.9844162,
374,12.466666666666667,-18.267683,1.0,0.36036456,0.3335572,0.31428772,False,True,-0.31122708,0.94284725,0.9858039,
375,12.5,-19.839542,1.0,0.36065474,0.3338014,0.31672648,False,True,-0.33697808,0.9339696,0.98483443,
376,12.533333333333333,-20.583454,1.0,0.36123294,0.3333277,0.31897452,False,True,-0.34930044,0.9301142,0.9843446,
377,12.566666666666666,-20.001728,1.0,0.3628174,0.33366463,0.32010955,False,True,-0.33953777,0.9327848,0.98461163,
378,12.6,-17.80059,1.0,0.3642428,0.3338551,0.32335892,False,True,-0.30332902,0.94472575,0.9861874,
379,12.633333333333333,-17.01866,1.0,0.3653364,0.33373848,0.31850773,False,True,-0.2906394,0.9495324,0.9865723,
380,12.666666666666666,-18.489553,1.0,0.36575064,0.33354643,0.32368657,False,True,-0.3153446,0.94303703,0.987554,
381,12.7,-20.91785,1.0,0.36491,0.3333939,0.32635993,False,True,-0.35530517,0.9295831,0.98479414,
382,12.733333333333333,-21.66763,1.0,0.3655871,0.33327705,0.3257931,False,True,-0.36805663,0.9264085,0.98560923,
383,12.766666666666667,-18.729488,1.0,0.36624882,0.33306968,0.33050466,False,True,-0.32035553,0.944848,0.989406,
384,12.8,-20.055992,1.0,0.36643657,0.33284438,0.32678556,False,True,-0.34229842,0.9376052,0.9878373,
385,12.833333333333334,-22.08213,1.0,0.36670992,0.33259657,0.32428336,False,True,-0.37528658,0.9250469,0.9883865,
386,12.866666666666667,-23.99766,1.0,0.36560068,0.33267808,0.32417879,False,True,-0.40620607,0.912454,0.984695,
387,12.9,-23.900026,1.0,0.36448127,0.3326761,0.3222872,False,True,-0.40491098,0.9137324,0.9816479,
388,12.933333333333334,-22.638987,1.0,0.36457178,0.33252737,0.3199809,False,True,-0.38485512,0.9227846,0.9805228,
389,12.966666666666667,-21.822403,1.0,0.36565065,0.33259463,0.31824324,False,True,-0.37172687,0.92833054,0.98156387,
390,13.0,-22.402655,1.0,0.36471292,0.3323442,0.31690887,False,True,-0.3810996,0.9244954,0.98049384,
391,13.033333333333333,-21.80645,1.0,0.36445004,0.33223978,0.3145657,False,True,-0.37147123,0.92844117,0.9804863,
392,13.066666666666666,-15.828426,1.0,0.36634305,0.33216965,0.31738386,False,True,-0.27260524,0.9615453,0.9868627,
393,13.1,-16.11733,1.0,0.36673492,0.3324717,0.31420755,False,True,-0.2774374,0.96011436,0.984461,
394,13.133333333333333,-21.26368,1.0,0.36694875,0.33272424,0.30357185,False,True,-0.36251318,0.9315426,0.9785538,
395,13.166666666666666,-24.23364,1.0,0.36757687,0.33288682,0.29652852,False,True,-0.41026375,0.9114465,0.9748386,
396,13.2,-27.35055,1.0,0.36741632,0.33294386,0.2935448,False,True,-0.45927095,0.88789815,0.96987695,
397,13.233333333333333,-30.33734,1.0,0.3669574,0.3329986,0.29158983,False,True,-0.5048365,0.86263305,0.96834445,
398,13.266666666666667,-32.627995,1.0,0.36749074,0.3329541,0.2917765,False,True,-0.5385533,0.84120655,0.97015417,
399,13.3,-34.237522,1.0,0.36832917,0.333122,0.29064998,False,True,-0.5610429,0.8243876,0.97423166,
400,13.333333333333334,-34.771816,1.0,0.36938548,0.3331071,0.29059577,False,True,-0.5682941,0.81852686,0.97739667,
401,13.366666666666667,-34.11944,1.0,0.36868364,0.33296508,0.28599584,False,True,-0.5564063,0.8212084,0.9822587,
402,13.4,-32.69391,1.0,0.3696769,0.332715,0.28648826,False,True,-0.5344325,0.8326588,0.9859853,
403,13.433333333333334,-32.510925,1.0,0.3702063,0.33257332,0.28888574,False,True,-0.53043634,0.8322679,0.9880945,
404,13.466666666666667,-32.746723,1.0,0.3700899,0.33239415,0.29089737,False,True,-0.5326121,0.8281423,0.99021316,
405,13.5,-32.578884,1.0,0.37058532,0.3322294,0.2947776,False,True,-0.5294739,0.82858783,0.9927534,
406,13.533333333333333,-33.2011,1.0,0.3704218,0.332061,0.30014035,False,True,-0.53896564,0.82359123,0.99251235,
407,13.566666666666666,-32.569054,1.0,0.37051207,0.33196786,0.3077529,False,True,-0.5317668,0.83249086,0.98662466,
408,13.6,-32.34516,1.0,0.37048477,0.3320001,0.31517023,False,True,-0.5293668,0.83591586,0.9836961,
409,13.633333333333333,-33.27594,1.0,0.37065253,0.33218917,0.3199314,False,True,-0.5432652,0.8277996,0.98219424,
410,13.666666666666666,-33.514183,1.0,0.3711681,0.33230224,0.32633284,False,True,-0.54729384,0.82642615,0.9847647,
411,13.7,-33.367935,1.0,0.37129572,0.33247724,0.33062887,False,True,-0.5471134,0.83075225,0.985918,
412,13.733333333333333,-33.524677,1.0,0.3716487,0.3327411,0.33360466,False,True,-0.5505903,0.8310732,0.9856567,
413,13.766666666666667,-31.77781,1.0,0.37135714,0.33292958,0.3340348,False,True,-0.52604556,0.8491588,0.9851545,
414,13.8,-30.176895,1.0,0.37097648,0.33309445,0.33340228,False,True,-0.5025204,0.8642178,0.9859796,
415,13.833333333333334,-29.691185,1.0,0.37085044,0.33310375,0.33450997,False,True,-0.4952768,0.86862314,0.9863092,
416,13.866666666666667,-29.038565,1.0,0.37045756,0.3331101,0.33464,False,True,-0.48539716,0.87429124,0.9863074,
417,13.9,-28.457323,1.0,0.3701759,0.33306992,0.33558193,False,True,-0.47649583,0.8791571,0.9874336,
418,13.933333333333334,-27.55687,1.0,0.36974013,0.33303753,0.3361317,False,True,-0.4625887,0.8864752,0.98893607,
419,13.966666666666667,-28.24529,1.0,0.36962402,0.33310738,0.33662933,False,True,-0.4731152,0.8806837,0.9865034,
420,14.0,-29.339848,1.0,0.3698926,0.33323726,0.3372905,False,True,-0.48969024,0.8711974,0.9811014,
421,14.033333333333333,-29.754177,1.0,0.37006235,0.33332497,0.3379558,False,True,-0.49588555,0.86747295,0.9774332,
422,14.066666666666666,-30.72532,1.0,0.37019888,0.33346245,0.33954695,False,True,-0.5105801,0.85904986,0.9735117,
423,14.1,-30.495296,1.0,0.37047818,0.33357415,0.34031108,False,True,-0.5070807,0.86101365,0.9728199,
424,14.133333333333333,-29.958298,1.0,0.37096152,0.33368662,0.34046945,False,True,-0.4990108,0.86576664,0.9745769,
425,14.166666666666666,-29.529287,1.0,0.3713668,0.33380213,0.34028986,False,True,-0.49247938,0.8694171,0.97609174,
426,14.2,-29.30729,1.0,0.3715502,0.33392555,0.34007514,False,True,-0.4889787,0.87109005,0.9761464,
427,14.233333333333333,-28.916498,1.0,0.37178925,0.33400074,0.33956462,False,True,-0.48289075,0.87416,0.97688854,
428,14.266666666666667,-29.413324,1.0,0.3718137,0.33409432,0.33914414,False,True,-0.49021873,0.86952513,0.9756838,
429,14.3,-29.896147,1.0,0.37188545,0.33417493,0.33887193,False,True,-0.49739057,0.8651233,0.9747376,
430,14.333333333333334,-30.999325,1.0,0.3719733,0.33427864,0.33904973,False,True,-0.5140221,0.8554992,0.97447073,
431,14.366666666666667,-30.913488,1.0,0.37216428,0.33435413,0.3385741,False,True,-0.5123321,0.8555873,0.9751461,
432,14.4,-30.85352,1.0,0.37246016,0.3344884,0.33781755,False,True,-0.5109501,0.8553092,0.97624284,
433,14.433333333333334,-31.11741,1.0,0.37258753,0.33462203,0.33715037,False,True,-0.51436085,0.8520801,0.9763524,
434,14.466666666666667,-31.039715,1.0,0.3730746,0.33472568,0.33658555,False,True,-0.51323485,0.8528266,0.9778565,
435,14.5,-30.801144,1.0,0.37366265,0.3348308,0.33601022,False,True,-0.50979644,0.85515267,0.9791166,
436,14.533333333333333,-29.95329,1.0,0.3742765,0.33488274,0.3351399,False,True,-0.49709153,0.86261094,0.98038936,
437,14.566666666666666,-28.746199,1.0,0.3748242,0.33488458,0.33467388,False,True,-0.47882283,0.87291604,0.98202163,
438,14.6,-27.39614,1.0,0.37516958,0.33479962,0.33461988,False,True,-0.45831704,0.884329,0.9846282,
439,14.633333333333333,-27.741009,1.0,0.3749753,0.33474305,0.3339257,False,True,-0.4635246,0.88135093,0.98354405,
440,14.666666666666666,-28.804024,1.0,0.37485334,0.33470988,0.3333235,False,True,-0.4800206,0.873009,0.98228645,
441,14.7,-29.054377,1.0,0.37485343,0.3346362,0.33333626,False,True,-0.48399097,0.8711918,0.9833487,
442,14.733333333333333,-29.736132,1.0,0.3744285,0.33443308,0.33422008,False,True,-0.4942774,0.8652921,0.98518914,
443,14.766666666666667,-29.831059,1.0,0.3740275,0.3342392,0.33455384,False,True,-0.49543795,0.8639971,0.9862349,
444,14.8,-29.333332,1.0,0.37400484,0.3341578,0.33433017,False,True,-0.48762608,0.8677562,0.9875226,
445,14.833333333333334,-29.206366,1.0,0.3739021,0.33407262,0.33472762,False,True,-0.48550582,0.8684837,0.9889069,
446,14.866666666666667,-28.797022,1.0,0.37368774,0.3339325,0.33477736,False,True,-0.4789411,0.8712979,0.9900418,
447,14.9,-28.254513,1.0,0.37359947,0.33382374,0.33447152,False,True,-0.47042426,0.8753367,0.99125713,
448,14.933333333333334,-26.838188,1.0,0.37368116,0.333761,0.33390465,False,True,-0.44827643,0.8859686,0.9923736,
449,14.966666666666667,-25.548185,1.0,0.37357125,0.33372417,0.3332827,False,True,-0.42786258,0.8950945,0.9926182,
450,15.0,-24.445051,1.0,0.3734665,0.33371192,0.33285436,False,True,-0.41021088,0.902418,0.9925327,
451,15.033333333333333,-24.154549,1.0,0.37300166,0.33369732,0.33306727,False,True,-0.4050873,0.9032757,0.99095315,
452,15.066666666666666,-24.312517,1.0,0.37262294,0.33374375,0.3337437,False,True,-0.40751675,0.902024,0.98980886,
453,15.1,-24.165707,1.0,0.37249362,0.3338273,0.33407944,False,True,-0.40539953,0.90350074,0.98912656,
454,15.133333333333333,-24.049864,1.0,0.37244934,0.33384436,0.33443838,False,True,-0.4038545,0.90495163,0.98915845,
455,15.166666666666666,-23.567188,1.0,0.37271065,0.3338562,0.33368114,False,True,-0.3965732,0.909139,0.98979175,
456,15.2,-23.791357,1.0,0.3728447,0.33394417,0.33293036,False,True,-0.40041247,0.90822756,0.989329,
457,15.233333333333333,-25.062243,1.0,0.37287584,0.33406362,0.3326257,False,True,-0.42094576,0.9001667,0.9883852,
458,15.266666666666667,-25.895945,1.0,0.37289277,0.33410844,0.33241558,False,True,-0.43443188,0.89483833,0.98762685,
459,15.3,-25.521713,1.0,0.37345213,0.33412004,0.33318928,False,True,-0.42917398,0.89890504,0.9899787,
460,15.333333333333334,-26.761702,1.0,0.37334457,0.33421844,0.33270633,False,True,-0.4488786,0.8901064,0.9876874,
461,15.366666666666667,-26.55299,1.0,0.37363985,0.3343363,0.3322953,False,True,-0.4459022,0.89227384,0.98672223,
462,15.4,-28.22508,1.0,0.37287214,0.33466238,0.3314943,False,True,-0.47200572,0.8793624,0.97912353,
463,15.433333333333334,-25.86192,1.0,0.37326506,0.33472034,0.33224225,False,True,-0.43553123,0.8984604,0.9784364,
464,15.466666666666667,-25.317366,1.0,0.37295574,0.3349023,0.33110684,False,True,-0.42689538,0.90239614,0.9700204,
465,15.5,-25.060757,1.0,0.3733796,0.33513084,0.33196256,False,True,-0.4230304,0.9046857,0.96816677,
466,15.533333333333333,-25.55211,1.0,0.37336174,0.3351683,0.33182305,False,True,-0.43089324,0.901276,0.96488845,
467,15.566666666666666,-25.081944,1.0,0.37397766,0.3352176,0.3340817,False,True,-0.42368263,0.905208,0.9722558,
468,15.6,-25.107164,1.0,0.3744096,0.33523753,0.33530614,False,True,-0.42414024,0.9051478,0.9771266,
469,15.633333333333333,-27.715942,1.0,0.37440166,0.33534157,0.3340669,False,True,-0.46489903,0.8849037,0.97031856,
470,15.666666666666666,-27.968544,1.0,0.37479097,0.33524534,0.33442974,False,True,-0.4688978,0.8830376,0.97600657,
471,15.7,-27.379694,1.0,0.3754067,0.33508167,0.3331012,False,True,-0.4597814,0.8877781,0.9834448,
472,15.733333333333333,-27.720852,1.0,0.3751739,0.33500737,0.33039996,False,True,-0.4648381,0.8846036,0.9859702,
473,15.766666666666667,-27.715519,1.0,0.37502956,0.33489773,0.32668898,False,True,-0.46448392,0.88412946,0.98860204,
474,15.8,-27.34465,1.0,0.37536085,0.33465266,0.32232502,False,True,-0.45838878,0.8864163,0.99369574,
475,15.833333333333334,-28.609749,1.0,0.37451464,0.3346108,0.31900245,False,True,-0.4777231,0.87585145,0.99451655,
476,15.866666666666667,-29.431778,1.0,0.3743567,0.33461484,0.3161254,False,True,-0.48999947,0.86848223,0.9958119,
477,15.9,-29.492117,1.0,0.3744832,0.3345289,0.3161639,False,True,-0.49044365,0.8671346,0.99708444,
478,15.933333333333334,-28.821484,1.0,0.3743242,0.33448413,0.3178725,False,True,-0.47958386,0.8715855,0.99600995,
479,15.966666666666667,-30.326315,1.0,0.37074533,0.33499146,0.31915984,False,True,-0.5026109,0.85920936,0.9883137,
480,16.0,-28.001984,1.0,0.37194625,0.33505878,0.3218157,False,True,-0.46653444,0.87735033,0.9847931,
481,16.033333333333335,-26.559204,1.0,0.37190962,0.33522722,0.327799,False,True,-0.44356558,0.8873575,0.97441256,
482,16.066666666666666,-25.333324,1.0,0.37322843,0.33523527,0.33297268,False,True,-0.42453372,0.89675766,0.9757791,
483,16.1,-25.715452,1.0,0.37386435,0.33546025,0.33631474,False,True,-0.43099806,0.89493,0.97633404,
484,16.133333333333333,-25.897884,1.0,0.37464815,0.3356533,0.3381688,False,True,-0.43427977,0.89444786,0.9786034,
485,16.166666666666668,-24.643375,1.0,0.37571812,0.33580476,0.33913496,False,True,-0.41518506,0.905032,0.9841799,
486,16.2,-23.842918,1.0,0.37643602,0.33597502,0.33972108,False,True,-0.40289554,0.91163635,0.98787916,
487,16.233333333333334,-23.610582,1.0,0.37720773,0.33621332,0.3402468,False,True,-0.3994844,0.91392344,0.98974323,
488,16.266666666666666,-25.00698,1.0,0.37777802,0.33639255,0.34034482,False,True,-0.42189342,0.90446556,0.9878658,
489,16.3,-23.59895,1.0,0.3786957,0.3364977,0.34143585,False,True,-0.39998296,0.9155705,0.9916309,
490,16.333333333333332,-23.71029,1.0,0.37924364,0.33665305,0.3415885,False,True,-0.40192336,0.91516024,0.99162436,
491,16.366666666666667,-24.180424,1.0,0.37964323,0.33681342,0.34225368,False,True,-0.4095253,0.91206837,0.99161434,
492,16.4,-24.214506,1.0,0.38000315,0.33697426,0.3422812,False,True,-0.4101202,0.9119412,0.9914447,
493,16.433333333333334,-24.412586,1.0,0.3803296,0.33710352,0.34232426,False,True,-0.41330165,0.91058666,0.9909026,
494,16.466666666666665,-24.711203,1.0,0.38056514,0.3371817,0.34195626,False,True,-0.41804367,0.90842414,0.98983824,
495,16.5,-24.872149,1.0,0.38079688,0.33726463,0.34179989,False,True,-0.4205792,0.90721476,0.9893213,
496,16.533333333333335,-24.974411,1.0,0.38092506,0.33733886,0.3419771,False,True,-0.4221772,0.90641856,0.9895753,
497,16.566666666666666,-24.797611,1.0,0.38108593,0.33737618,0.3416684,False,True,-0.41934448,0.9076439,0.98997027,
498,16.6,-24.920692,1.0,0.38071358,0.33729026,0.34017673,False,True,-0.4213462,0.9068549,0.9891679,
