frame,neck_sagittal_angle,neck_frontal_angle,neck_length,confidence,forward_component,cervical_x,cervical_y,cervical_z,head_x,head_y,head_z
0,0.7227103,4.2597704,0.2210218,1.0,0.012578502,-0.23286297917366028,0.5298589468002319,-0.2733445465564728,-0.3611093759536743,0.6948226690292358,-0.3453894555568695
1,0.7869176,5.345386,0.22091138,1.0,0.013674159,-0.23328924179077148,0.524248480796814,-0.2983070909976959,-0.3634245991706848,0.6850076913833618,-0.3759157657623291
2,2.1467054,7.8910794,0.22106187,1.0,0.037104107,-0.2129453718662262,0.5059769749641418,-0.3776130974292755,-0.34192314743995667,0.6543799042701721,-0.47865593433380127
3,2.7584648,10.606141,0.22131307,1.0,0.047305353,-0.20473088324069977,0.5180344581604004,-0.36497169733047485,-0.33620086312294006,0.6697009801864624,-0.4582046866416931
4,3.698541,12.278265,0.22167154,1.0,0.06303732,-0.20460626482963562,0.5342633128166199,-0.34311574697494507,-0.33867231011390686,0.6906291246414185,-0.4250565767288208
5,4.05929,13.569423,0.22212139,1.0,0.06882225,-0.18685881793498993,0.548287034034729,-0.3394235372543335,-0.32036662101745605,0.7052586078643799,-0.4223301410675049
6,4.822932,13.934369,0.2227279,1.0,0.0816192,-0.1892622411251068,0.5566914081573486,-0.3353913724422455,-0.3282665014266968,0.708429217338562,-0.42060387134552
7,4.1313543,13.568498,0.22351642,1.0,0.070042565,-0.1689831167459488,0.5659947395324707,-0.3364585340023041,-0.30308768153190613,0.7211313247680664,-0.42538657784461975
8,4.335633,13.746477,0.2245268,1.0,0.07344532,-0.1764228343963623,0.570733368396759,-0.3316071927547455,-0.31457504630088806,0.7228414416313171,-0.4221023917198181
9,5.748387,13.93839,0.22536695,1.0,0.09723918,-0.1764865517616272,0.5715721249580383,-0.34155651926994324,-0.31810423731803894,0.7172750234603882,-0.43905195593833923
10,6.0632076,14.781135,0.22588474,1.0,0.102167234,-0.1846354603767395,0.5671721696853638,-0.3562909662723541,-0.3293321132659912,0.7084331512451172,-0.4569494426250458
11,7.922126,12.984607,0.22626662,1.0,0.13436732,-0.18126027286052704,0.5676859617233276,-0.36964327096939087,-0.3226695656776428,0.6969751119613647,-0.4899940490722656
12,10.492635,12.680148,0.22653243,1.0,0.17780975,-0.18762117624282837,0.5601343512535095,-0.3808896541595459,-0.3350967466831207,0.6771433353424072,-0.5068928003311157
13,13.299734,11.779775,0.22664517,1.0,0.22544914,-0.18438118696212769,0.5515393018722534,-0.3966961205005646,-0.3299936056137085,0.652443528175354,-0.5380587577819824
14,14.430087,11.709793,0.22659065,1.0,0.24432486,-0.19551342725753784,0.5435519218444824,-0.4012133479118347,-0.34502339363098145,0.6355984807014465,-0.5444527268409729
15,15.400326,12.528223,0.22639057,1.0,0.2596696,-0.20865824818611145,0.5230858325958252,-0.4162772595882416,-0.36037153005599976,0.5997734069824219,-0.565792441368103
16,14.528257,12.407333,0.2258796,1.0,0.24535528,-0.20878241956233978,0.5051449537277222,-0.4297909438610077,-0.36238372325897217,0.5789534449577332,-0.5780493021011353
17,15.306361,12.96693,0.2253024,1.0,0.2577011,-0.2258586585521698,0.49586838483810425,-0.430747926235199,-0.38529929518699646,0.5628917217254639,-0.575135350227356
18,12.83537,13.153798,0.22467314,1.0,0.21659878,-0.21879088878631592,0.4906235933303833,-0.43443816900253296,-0.37477436661720276,0.5647475719451904,-0.5781490206718445
19,10.962282,13.559196,0.22422731,1.0,0.18504658,-0.21311402320861816,0.49686822295188904,-0.4260922372341156,-0.3680053949356079,0.5811560153961182,-0.5645917654037476
20,9.609274,13.786321,0.2238964,1.0,0.16224776,-0.20466570556163788,0.49128690361976624,-0.4315999746322632,-0.357127845287323,0.583016037940979,-0.5675067901611328
21,9.145896,13.168242,0.22361481,1.0,0.15487103,-0.20162463188171387,0.47364041209220886,-0.44406449794769287,-0.35202351212501526,0.5648095607757568,-0.5821657180786133
22,8.410794,12.599753,0.22346558,1.0,0.14281963,-0.19708451628684998,0.47175726294517517,-0.4465079605579376,-0.3446572721004486,0.5663427114486694,-0.5851179957389832
23,8.753088,11.820708,0.22339663,1.0,0.14902194,-0.19535037875175476,0.4653659462928772,-0.4531986117362976,-0.34048017859458923,0.5575693845748901,-0.5958237051963806
24,8.348578,11.835329,0.22329615,1.0,0.1421715,-0.18915341794490814,0.4580920934677124,-0.4631959795951843,-0.33164525032043457,0.5507059693336487,-0.608040452003479
25,7.9120617,12.173882,0.22318324,1.0,0.13461427,-0.18031054735183716,0.45359352231025696,-0.4668903648853302,-0.32007354497909546,0.5465974807739258,-0.6139526963233948
26,8.639804,11.521914,0.22315197,1.0,0.14726129,-0.1725313365459442,0.44722533226013184,-0.4746810495853424,-0.30832237005233765,0.5342650413513184,-0.6288941502571106
27,10.2052765,10.708597,0.22306381,1.0,0.17418428,-0.17265698313713074,0.4307192265987396,-0.49051448702812195,-0.3067646324634552,0.5041919946670532,-0.6529163122177124
28,10.661337,10.435477,0.22294033,1.0,0.18204571,-0.1705498844385147,0.4154118597507477,-0.5030502676963806,-0.3021722733974457,0.48113325238227844,-0.6705573797225952
29,10.728283,10.534621,0.22274397,1.0,0.18312006,-0.16619159281253815,0.3917085826396942,-0.5239888429641724,-0.2964288294315338,0.4507649838924408,-0.6947678923606873
30,10.67472,10.9844885,0.22257407,1.0,0.18195271,-0.1653440147638321,0.37725764513015747,-0.5361186861991882,-0.29621607065200806,0.43316084146499634,-0.7072518467903137
31,10.127488,11.211915,0.2224095,1.0,0.172584,-0.16166919469833374,0.3708266317844391,-0.5404641628265381,-0.2910645604133606,0.427391916513443,-0.7122873067855835
32,10.18323,11.082351,0.222368,1.0,0.17360003,-0.15989908576011658,0.366595059633255,-0.5461164712905884,-0.28814491629600525,0.4214569628238678,-0.7192947268486023
33,9.451196,10.961956,0.2225742,1.0,0.16128992,-0.14834481477737427,0.361722856760025,-0.5535187125205994,-0.27268174290657043,0.4170338213443756,-0.7296445369720459
34,10.378574,10.610567,0.22259077,1.0,0.1771685,-0.14269793033599854,0.3567942678928375,-0.5626034736633301,-0.2658344805240631,0.40585562586784363,-0.7414246797561646
35,10.711642,9.0652895,0.22223221,1.0,0.18362348,-0.14299502968788147,0.36497339606285095,-0.5536863803863525,-0.26473063230514526,0.41417452692985535,-0.73298180103302
36,11.842112,8.675708,0.22192714,1.0,0.20296462,-0.1386253535747528,0.36368122696876526,-0.5506672859191895,-0.25880974531173706,0.4105721414089203,-0.7312458157539368
37,12.984424,8.6924515,0.22166255,1.0,0.22223353,-0.12900780141353607,0.3540688157081604,-0.5504903197288513,-0.24658295512199402,0.3940967917442322,-0.7340880632400513
38,14.935548,8.860281,0.22130315,1.0,0.25485766,-0.1254611760377884,0.34719225764274597,-0.5540536642074585,-0.2399490624666214,0.3761843740940094,-0.7412088513374329
39,17.674763,9.642148,0.22096999,1.0,0.29971212,-0.13788563013076782,0.35084399580955505,-0.5524616241455078,-0.2565380036830902,0.36853501200675964,-0.7380320429801941
40,18.800478,10.896206,0.2206822,1.0,0.31705227,-0.14250381290912628,0.3292417526245117,-0.5535640716552734,-0.2626041769981384,0.3344407081604004,-0.7386302947998047
41,16.327105,11.749661,0.22034615,1.0,0.27568245,-0.13079950213432312,0.3253747820854187,-0.5540109872817993,-0.2464805394411087,0.3343231678009033,-0.7413349151611328
42,15.781416,11.109405,0.22007698,1.0,0.26723894,-0.11709132790565491,0.314121276140213,-0.5665570497512817,-0.22513163089752197,0.319259911775589,-0.7582201957702637
43,16.067062,10.643963,0.22004898,1.0,0.2723564,-0.1072949767112732,0.3159511685371399,-0.5646193623542786,-0.20937244594097137,0.3218827247619629,-0.7594694495201111
44,17.617966,10.545722,0.22038859,1.0,0.29801404,-0.09198955446481705,0.30409538745880127,-0.5669106841087341,-0.18578533828258514,0.3034243583679199,-0.7663424611091614
45,16.279137,10.339383,0.22009747,1.0,0.27611506,-0.08783261477947235,0.2890057861804962,-0.5858371257781982,-0.1831960827112198,0.28560277819633484,-0.7841730117797852
46,18.158617,8.482072,0.22036214,1.0,0.30856612,-0.07963889837265015,0.27452120184898376,-0.5777032971382141,-0.16806583106517792,0.2662358582019806,-0.7793750762939453
47,17.88451,6.9049535,0.2204925,1.0,0.30507994,-0.07389068603515625,0.263258695602417,-0.5800995826721191,-0.1586083024740219,0.2503610849380493,-0.7832584381103516
48,19.222788,8.12443,0.22031894,1.0,0.3262912,-0.0642465204000473,0.20914480090141296,-0.5849836468696594,-0.1461319774389267,0.174462229013443,-0.7865582704544067
49,16.908468,9.2539015,0.21962516,1.0,0.2873729,-0.06260251998901367,0.16991639137268066,-0.5882977843284607,-0.14641770720481873,0.12769848108291626,-0.786862313747406
50,13.244315,10.893722,0.2188614,1.0,0.22518641,-0.058418817818164825,0.15127572417259216,-0.5890751481056213,-0.14607784152030945,0.1182483434677124,-0.7868765592575073
51,10.316116,11.756495,0.21829788,1.0,0.17543915,-0.05670803785324097,0.14377987384796143,-0.5850200653076172,-0.14613325893878937,0.11932680010795593,-0.7826539278030396
52,8.05331,12.885562,0.21791087,1.0,0.1366332,-0.053168296813964844,0.14884302020072937,-0.5757268667221069,-0.14409583806991577,0.13397160172462463,-0.7732013463973999
53,9.128129,13.348172,0.21791111,1.0,0.15446074,-0.056031666696071625,0.14717251062393188,-0.5710697174072266,-0.15093909204006195,0.128681480884552,-0.7663539052009583
54,7.756706,14.187394,0.2176436,1.0,0.13092197,-0.06748136878013611,0.12868720293045044,-0.5713981986045837,-0.1682952493429184,0.11303836107254028,-0.7636491060256958
55,6.8314576,15.198249,0.21755777,1.0,0.11484469,-0.05809617415070534,0.1442500352859497,-0.5707613229751587,-0.15775257349014282,0.13871616125106812,-0.7640728950500488
56,4.330636,16.482025,0.21726792,1.0,0.07242566,-0.0593951977789402,0.1498105525970459,-0.5694608688354492,-0.16248318552970886,0.15650296211242676,-0.7605980634689331
57,2.623154,18.373028,0.21710214,1.0,0.043438222,-0.0700753852725029,0.15349912643432617,-0.5661053657531738,-0.18248094618320465,0.167822003364563,-0.7512895464897156
58,0.82223433,20.292294,0.21681498,1.0,0.013459735,-0.07903234660625458,0.15989866852760315,-0.5580658912658691,-0.199878990650177,0.179772287607193,-0.7369788885116577
59,-0.1936249,21.892967,0.21656777,1.0,-0.0031356737,-0.080159991979599,0.16981586813926697,-0.5520816445350647,-0.20624268054962158,0.1974075734615326,-0.7259880900382996
60,-1.3948921,23.165033,0.2163509,1.0,-0.02238144,-0.07770975679159164,0.17658957839012146,-0.548042356967926,-0.2058485597372055,0.21307197213172913,-0.7185040712356567
61,-2.178762,24.412617,0.21621718,1.0,-0.034622647,-0.06336762011051178,0.1920383870601654,-0.5507679581642151,-0.19010743498802185,0.23985889554023743,-0.7192912101745605
62,-2.450192,25.278378,0.21617265,1.0,-0.038663663,-0.05054657161235809,0.19687163829803467,-0.5556984543800354,-0.17482119798660278,0.25073152780532837,-0.7241785526275635
63,-1.3167183,25.587996,0.21610068,1.0,-0.020726355,-0.04172984138131142,0.20068156719207764,-0.5547672510147095,-0.1654239296913147,0.25679445266723633,-0.7228464484214783
64,-0.7135892,25.851767,0.21610714,1.0,-0.011207978,-0.04169159382581711,0.2017199993133545,-0.5516983270645142,-0.16726160049438477,0.2613396644592285,-0.7171672582626343
65,-0.04083852,26.013521,0.21612085,1.0,-0.0006405567,-0.03339049220085144,0.212665855884552,-0.5514245629310608,-0.15690188109874725,0.2757270336151123,-0.7171847820281982
66,1.3985599,25.794119,0.21629585,1.0,0.021976458,-0.017906077206134796,0.23431000113487244,-0.5501768589019775,-0.13788463175296783,0.3004458248615265,-0.717553973197937
67,2.7241693,26.535566,0.21638328,1.0,0.042530686,-0.0047916327603161335,0.25570034980773926,-0.5430102348327637,-0.12465416640043259,0.3281572461128235,-0.7079486846923828
68,4.776132,28.151632,0.21662661,1.0,0.073469624,-0.0001781000755727291,0.282245010137558,-0.5273075699806213,-0.1255352795124054,0.3622925579547882,-0.6848037838935852
69,7.167366,29.03338,0.21692511,1.0,0.10928996,-0.005790005903691053,0.2880221903324127,-0.520047664642334,-0.13753706216812134,0.3664848506450653,-0.6734843850135803
70,7.8276505,29.17484,0.21702072,1.0,0.11917859,-0.008737132884562016,0.279541552066803,-0.523216187953949,-0.14183451235294342,0.35610127449035645,-0.676584005355835
71,8.4913,29.041878,0.21715489,1.0,0.12942624,-0.01062157191336155,0.2779766023159027,-0.5220515131950378,-0.14445221424102783,0.3528374135494232,-0.6758093237876892
72,8.043178,28.74987,0.21728107,1.0,0.12294991,-0.01412500161677599,0.27210021018981934,-0.5261139869689941,-0.14735014736652374,0.34328752756118774,-0.6823013424873352
73,6.1239963,28.886429,0.21735828,1.0,0.0935315,-0.0136888911947608,0.26381003856658936,-0.5316672325134277,-0.14458774030208588,0.3332071900367737,-0.690708577632904
74,5.6569605,28.777832,0.21743065,1.0,0.08649534,-0.015028134919703007,0.27034974098205566,-0.5280020833015442,-0.14668598771095276,0.341361403465271,-0.6857982873916626
75,5.672709,28.251041,0.21746832,1.0,0.08716694,-0.012997860088944435,0.2732212543487549,-0.5254800319671631,-0.14380154013633728,0.34387320280075073,-0.6841973066329956
76,5.6651287,27.799692,0.2175256,1.0,0.087413564,-0.014803796075284481,0.26999610662460327,-0.5253625512123108,-0.1456935703754425,0.3385878801345825,-0.6849884390830994
77,5.429768,27.487438,0.21755001,1.0,0.08402363,-0.016442323103547096,0.2698281407356262,-0.5234618186950684,-0.14715340733528137,0.33840739727020264,-0.683272659778595
78,4.404205,27.115696,0.21750182,1.0,0.06839372,-0.014049933291971684,0.28437986969947815,-0.5216203927993774,-0.14254644513130188,0.35792842507362366,-0.6809511780738831
79,4.819454,26.716349,0.21761137,1.0,0.07510048,-0.01587711274623871,0.2825939357280731,-0.5208579301834106,-0.1445709764957428,0.3544342815876007,-0.6809565424919128
80,4.6523194,26.431906,0.21770881,1.0,0.072677664,-0.019964464008808136,0.2782334089279175,-0.5218305587768555,-0.14886656403541565,0.3504464030265808,-0.681726336479187
81,4.451816,26.266691,0.21783556,1.0,0.069646984,-0.02197016030550003,0.28144359588623047,-0.5194253325462341,-0.1509733945131302,0.3552992343902588,-0.67866051197052
82,4.1554036,26.061167,0.21794535,1.0,0.0651274,-0.02369365096092224,0.28357625007629395,-0.5185400247573853,-0.1521744281053543,0.35858577489852905,-0.6778084635734558
83,4.441469,25.860636,0.21812442,1.0,0.069725364,-0.028066422790288925,0.28254303336143494,-0.5152738690376282,-0.1575651317834854,0.35703107714653015,-0.6742074489593506
84,4.0725417,25.657816,0.2182665,1.0,0.06404691,-0.030341897159814835,0.2814338803291321,-0.5135385394096375,-0.15955695509910583,0.3558807373046875,-0.6729167103767395
85,3.290479,25.018373,0.21834461,1.0,0.05202792,-0.03372718393802643,0.28169187903404236,-0.5123503804206848,-0.16243885457515717,0.35729047656059265,-0.6717007160186768
86,2.961804,24.28476,0.21844754,1.0,0.047108695,-0.04061049968004227,0.27904605865478516,-0.5152722597122192,-0.17007344961166382,0.3546751141548157,-0.6741398572921753
87,2.7204468,23.522165,0.21853232,1.0,0.04352683,-0.048764657229185104,0.2742401659488678,-0.5220493078231812,-0.17906412482261658,0.3486274778842926,-0.6809359192848206
88,3.4082708,23.297148,0.2187133,1.0,0.054618344,-0.05266352742910385,0.27336829900741577,-0.5207884907722473,-0.18401283025741577,0.3454359173774719,-0.6801281571388245
89,3.4979012,23.260666,0.21883823,1.0,0.05606907,-0.05396062880754471,0.27326759696006775,-0.5213671326637268,-0.18546202778816223,0.34467437863349915,-0.6810500025749207
90,3.530422,23.140738,0.21893738,1.0,0.056640632,-0.05602399632334709,0.2733094096183777,-0.5220928192138672,-0.18788763880729675,0.34428340196609497,-0.6818058490753174
91,3.6833134,23.17578,0.2190367,1.0,0.059076376,-0.056053146719932556,0.27132219076156616,-0.5234116315841675,-0.18831540644168854,0.3415469527244568,-0.6832623481750488
92,3.909438,23.234192,0.21909755,1.0,0.06267294,-0.057122357189655304,0.2699735462665558,-0.5211409330368042,-0.1894979029893875,0.3386673033237457,-0.6816452145576477
93,3.8597481,23.41837,0.2191069,1.0,0.06179162,-0.062153615057468414,0.2621053159236908,-0.5192123651504517,-0.1953662931919098,0.32734158635139465,-0.680477499961853
94,4.1023355,23.322748,0.21910459,1.0,0.06571904,-0.06456904858350754,0.26036569476127625,-0.5168201327323914,-0.19866512715816498,0.3223722279071808,-0.6786232590675354
95,4.143793,23.285603,0.21909262,1.0,0.066401035,-0.06729128956794739,0.25784024596214294,-0.515978991985321,-0.2017991691827774,0.31814590096473694,-0.6780667304992676
96,4.3443885,23.264374,0.21912564,1.0,0.069623254,-0.07030242681503296,0.2561887800693512,-0.5141421556472778,-0.2055588811635971,0.31512776017189026,-0.6761543154716492
97,4.7148023,23.298714,0.21917033,1.0,0.07553326,-0.0774792805314064,0.25064408779144287,-0.5144630670547485,-0.2147996723651886,0.30511075258255005,-0.6763646602630615
98,5.0903206,23.088097,0.21921125,1.0,0.081668794,-0.08451494574546814,0.2470664381980896,-0.5155318379402161,-0.22379270195960999,0.29784464836120605,-0.6770151257514954
99,5.7207236,22.895285,0.21927622,1.0,0.09189577,-0.09026981145143509,0.24288403987884521,-0.5172929763793945,-0.23120786249637604,0.28917914628982544,-0.678771436214447
100,5.661692,22.50325,0.21928324,1.0,0.09120772,-0.10247844457626343,0.2364635169506073,-0.518246591091156,-0.2468576282262802,0.27980318665504456,-0.6774994134902954
101,5.3581705,22.289366,0.21929906,1.0,0.08645825,-0.11063747107982635,0.2296123206615448,-0.5203689932823181,-0.25722479820251465,0.27070626616477966,-0.678215503692627
102,6.3210754,22.35589,0.21944082,1.0,0.101914115,-0.1282206028699875,0.21336299180984497,-0.5198109149932861,-0.2798531651496887,0.24366796016693115,-0.6755139827728271
103,6.022903,23.440075,0.21951799,1.0,0.09635112,-0.1627315729856491,0.1795494556427002,-0.5176975131034851,-0.3242551386356354,0.1997818946838379,-0.6649691462516785
104,6.922864,22.899076,0.21955313,1.0,0.111156315,-0.1917819082736969,0.13140061497688293,-0.5153701901435852,-0.36113494634628296,0.13348320126533508,-0.6550798416137695
105,5.1980095,22.377916,0.21957694,1.0,0.083825186,-0.20038247108459473,0.09167507290840149,-0.51380854845047,-0.36943066120147705,0.08407458662986755,-0.6537334322929382
106,3.1977997,21.314415,0.21968572,1.0,0.051978275,-0.1902042180299759,0.074178546667099,-0.5186408758163452,-0.3526080846786499,0.05798336863517761,-0.6656936407089233
107,5.607354,20.259705,0.22020215,1.0,0.09171807,-0.166487455368042,0.10570356249809265,-0.5294318199157715,-0.3150678873062134,0.07658654451370239,-0.6893225312232971
108,8.286009,18.022043,0.22043498,1.0,0.13718036,-0.16648021340370178,0.09471362829208374,-0.5284770727157593,-0.30882760882377625,0.04970341920852661,-0.690658688545227
109,9.613651,15.544005,0.22067404,1.0,0.16105686,-0.1627120077610016,0.04880765080451965,-0.5385803580284119,-0.2934148609638214,-0.02049669623374939,-0.7023200988769531
110,13.594831,15.045367,0.22138377,1.0,0.22742064,-0.16160495579242706,0.02748417854309082,-0.5487329959869385,-0.2826358675956726,-0.06526631116867065,-0.7092310786247253
111,20.40259,16.062115,0.22233199,1.0,0.33657464,-0.176862895488739,0.0012916624546051025,-0.5472409129142761,-0.2946959435939789,-0.12322679162025452,-0.6888108253479004
112,28.888489,18.815556,0.22329113,1.0,0.4629442,-0.1947818398475647,-0.025420576333999634,-0.5160964131355286,-0.3098500669002533,-0.18291300535202026,-0.6247903108596802
113,37.804325,24.475622,0.2243709,1.0,0.5767938,-0.21238519251346588,-0.05469125509262085,-0.4792371690273285,-0.31711456179618835,-0.24082589149475098,-0.5479972958564758
114,45.60194,29.522518,0.22500785,1.0,0.6642601,-0.22715681791305542,-0.09054151177406311,-0.43665197491645813,-0.3140176832675934,-0.2962965965270996,-0.46401187777519226
115,50.41505,33.72861,0.22513384,1.0,0.7091704,-0.2239375114440918,-0.10491138696670532,-0.4166516363620758,-0.28918784856796265,-0.3202590048313141,-0.4239345192909241
116,54.805,39.026268,0.22502616,1.0,0.7403869,-0.23046131432056427,-0.11220957338809967,-0.3986664414405823,-0.27495619654655457,-0.33264198899269104,-0.3905099332332611
117,57.34737,41.94376,0.22479157,1.0,0.75760454,-0.22469380497932434,-0.12372389435768127,-0.3955594003200531,-0.2541925013065338,-0.34579840302467346,-0.3770124018192291
118,60.930378,47.752056,0.22460741,1.0,0.77068764,-0.21933513879776,-0.12560348212718964,-0.3707728981971741,-0.2361481636762619,-0.34729620814323425,-0.3388645052909851
119,61.97188,50.41228,0.2242074,1.0,0.7674566,-0.21207402646541595,-0.12274374067783356,-0.3641835153102875,-0.22279159724712372,-0.3436562418937683,-0.3274172842502594
120,59.411003,47.900433,0.22345565,1.0,0.75006473,-0.21649640798568726,-0.0850970447063446,-0.3857463598251343,-0.2248474806547165,-0.3082117736339569,-0.37666308879852295
121,52.23197,41.361427,0.22241373,1.0,0.69578654,-0.22902807593345642,-0.0057711005210876465,-0.433695912361145,-0.25376400351524353,-0.22291085124015808,-0.4750036597251892
122,45.0738,39.030846,0.22171982,1.0,0.6144483,-0.26056960225105286,0.03632289171218872,-0.43199828267097473,-0.3206583559513092,-0.16537517309188843,-0.5017614960670471
123,35.677795,34.4362,0.22055833,1.0,0.5095289,-0.2789295017719269,0.07622426748275757,-0.43123912811279297,-0.3791244626045227,-0.10267770290374756,-0.5124858617782593
124,28.858728,32.930157,0.21993089,1.0,0.41981393,-0.31327566504478455,0.12275233864784241,-0.4077449440956116,-0.45337021350860596,-0.02363637089729309,-0.49326372146606445
125,25.88119,31.957233,0.21954325,1.0,0.38064948,-0.3109898269176483,0.12185683846473694,-0.4157344102859497,-0.4615412652492523,-0.010378390550613403,-0.505441427230835
126,27.812447,33.967724,0.21985923,1.0,0.40081745,-0.3176323473453522,0.12159538269042969,-0.40598273277282715,-0.466621458530426,-0.012046724557876587,-0.49697786569595337
127,26.32072,31.378857,0.2194207,1.0,0.38905656,-0.3254329264163971,0.11731991171836853,-0.40595531463623047,-0.4768059551715851,-0.011752575635910034,-0.49854010343551636
128,23.16802,25.624016,0.21865076,1.0,0.35998452,-0.3435221314430237,0.13917961716651917,-0.395784467458725,-0.5075127482414246,0.02857920527458191,-0.4889658987522125
129,20.424574,22.395212,0.2182392,1.0,0.32554385,-0.348769873380661,0.1495080292224884,-0.41566964983940125,-0.5156652927398682,0.052882611751556396,-0.5178351998329163
130,18.806515,22.425505,0.21860477,1.0,0.3002736,-0.3728734850883484,0.17814573645591736,-0.42510148882865906,-0.5490993857383728,0.09630754590034485,-0.5252763032913208
131,19.551853,19.500233,0.21893632,1.0,0.31745088,-0.36971765756607056,0.18280580639839172,-0.44151875376701355,-0.5389008522033691,0.10746434330940247,-0.558282732963562
132,20.024435,19.378302,0.21957803,1.0,0.3251275,-0.3940107524394989,0.19664528965950012,-0.43341273069381714,-0.5722902417182922,0.12802758812904358,-0.5416834354400635
133,18.571016,19.527855,0.21988548,1.0,0.30187607,-0.40779757499694824,0.21936330199241638,-0.42297840118408203,-0.5952191352844238,0.16641703248023987,-0.5250542163848877
134,16.851343,19.277119,0.21995392,1.0,0.2748981,-0.4269012212753296,0.24577409029006958,-0.3929296135902405,-0.6254851818084717,0.21013379096984863,-0.4805304706096649
135,15.018154,18.692019,0.2200016,1.0,0.2463083,-0.42335429787635803,0.2625619173049927,-0.3883122503757477,-0.6260018348693848,0.24355149269104004,-0.4718184173107147
136,14.024647,17.515707,0.22007133,1.0,0.23172024,-0.40674883127212524,0.2753668427467346,-0.4038722515106201,-0.6063457131385803,0.2671281695365906,-0.4962010085582733
137,13.155586,16.600683,0.22013631,1.0,0.21857229,-0.39440906047821045,0.2962328791618347,-0.40627673268318176,-0.5928763151168823,0.30277055501937866,-0.5012925267219543
138,10.81353,15.517255,0.22005937,1.0,0.1810029,-0.391373872756958,0.3412168025970459,-0.366471529006958,-0.5906533002853394,0.3758469223976135,-0.45315825939178467
139,9.855159,14.720714,0.22009134,1.0,0.16569677,-0.3845663070678711,0.3652259111404419,-0.3449214696884155,-0.5818940997123718,0.41343384981155396,-0.4296441674232483
140,9.182214,14.993823,0.2203356,1.0,0.15427335,-0.37694135308265686,0.38851526379585266,-0.3290865421295166,-0.5730687975883484,0.45069798827171326,-0.40792253613471985
141,8.138096,15.717651,0.22054489,1.0,0.13636664,-0.36177659034729004,0.41977429389953613,-0.30863580107688904,-0.5550330877304077,0.49939846992492676,-0.3790059983730316
142,5.8500347,16.61382,0.22078678,1.0,0.09771157,-0.3334546983242035,0.4346066415309906,-0.31748858094215393,-0.5179663300514221,0.5316554307937622,-0.39017829298973083
143,5.0008264,16.79896,0.22094582,1.0,0.0834766,-0.30319738388061523,0.47497236728668213,-0.32367396354675293,-0.47512710094451904,0.5924378633499146,-0.3975595533847809
144,3.6951292,17.347918,0.22128712,1.0,0.061527234,-0.2740372121334076,0.5005756616592407,-0.30849215388298035,-0.4356449544429779,0.6365882158279419,-0.3744581639766693
145,2.3315282,18.953175,0.22201516,1.0,0.038479395,-0.25554290413856506,0.5310064554214478,-0.2633211612701416,-0.41022446751594543,0.6838809251785278,-0.3079724609851837
146,0.35484025,19.11328,0.22245917,1.0,0.005851697,-0.23616555333137512,0.5391536355018616,-0.2698429226875305,-0.38354194164276123,0.69940584897995,-0.31553220748901367
147,-1.4148487,18.336855,0.22328483,1.0,-0.023438226,-0.20140984654426575,0.5629408359527588,-0.26195478439331055,-0.333722323179245,0.736961841583252,-0.3074103593826294
148,-0.724599,17.188631,0.22383694,1.0,-0.0120815635,-0.20226845145225525,0.5715820789337158,-0.25216466188430786,-0.3329373002052307,0.7477984428405762,-0.2966216206550598
149,0.8865682,16.115622,0.22429892,1.0,0.014865022,-0.19717979431152344,0.5795475244522095,-0.2458532303571701,-0.3264561593532562,0.7570792436599731,-0.2914614677429199
150,2.2188482,15.436003,0.22457796,1.0,0.03732194,-0.20231544971466064,0.5853449106216431,-0.24797099828720093,-0.33408915996551514,0.7611082792282104,-0.29464206099510193
151,3.491484,15.111725,0.22467797,1.0,0.05880162,-0.2087664008140564,0.5909004211425781,-0.2420445829629898,-0.34076833724975586,0.7680346965789795,-0.2830216884613037
152,3.9282615,14.053268,0.224565,1.0,0.0664662,-0.2142976075410843,0.6021060943603516,-0.22237996757030487,-0.34462976455688477,0.7825334072113037,-0.25219523906707764
153,5.0664163,13.13008,0.22431579,1.0,0.08601906,-0.2243991494178772,0.6088906526565552,-0.19652524590492249,-0.3594299852848053,0.7868356704711914,-0.21701478958129883
154,6.684504,9.993346,0.22354068,1.0,0.11465945,-0.22097375988960266,0.6173108220100403,-0.1875092089176178,-0.35877060890197754,0.7926099300384521,-0.20340517163276672
155,6.725672,8.494331,0.22304974,1.0,0.11584836,-0.22220805287361145,0.6050847768783569,-0.20311889052391052,-0.3632575571537018,0.7764191627502441,-0.22549638152122498
156,7.550457,6.387844,0.22280625,1.0,0.13059741,-0.22707392275333405,0.5946859121322632,-0.19211821258068085,-0.372483491897583,0.761465311050415,-0.21825842559337616
157,10.51067,4.525055,0.2230033,1.0,0.18186887,-0.2398241013288498,0.5900610685348511,-0.16306786239147186,-0.3959890305995941,0.7483546733856201,-0.17998304963111877
158,9.91247,1.6207975,0.2227751,1.0,0.17207667,-0.23804304003715515,0.5927598476409912,-0.14748018980026245,-0.3909974694252014,0.7520289421081543,-0.17692574858665466
159,11.725197,1.2013868,0.2228568,1.0,0.20317508,-0.24080023169517517,0.5876954793930054,-0.16017507016658783,-0.4017183184623718,0.7385741472244263,-0.1918950229883194
160,13.144787,1.872982,0.2229052,1.0,0.22729737,-0.24681627750396729,0.5837662816047668,-0.1697511374950409,-0.41507840156555176,0.7263208031654358,-0.20219793915748596
161,15.036724,2.1049562,0.22296776,1.0,0.25927484,-0.2613460123538971,0.5618423223495483,-0.19121234118938446,-0.4395641088485718,0.6916369199752808,-0.22447332739830017
162,16.860023,2.8543231,0.22324969,1.0,0.28970498,-0.28404295444488525,0.5384637117385864,-0.2219199538230896,-0.4713554084300995,0.6570898294448853,-0.24804113805294037
163,14.815002,2.8125505,0.22308075,1.0,0.25541103,-0.3082495331764221,0.5210026502609253,-0.23233935236930847,-0.4896542727947235,0.6495407819747925,-0.2506502866744995
164,13.566253,2.0831795,0.22292271,1.0,0.2344231,-0.33039534091949463,0.5037848949432373,-0.23310069739818573,-0.5115320682525635,0.63254714012146,-0.25054505467414856
165,13.136948,1.415977,0.22283348,1.0,0.22721353,-0.35267722606658936,0.44509124755859375,-0.29863667488098145,-0.5398863554000854,0.559459388256073,-0.33771899342536926
166,12.406819,2.2574017,0.22268963,1.0,0.21469253,-0.39428192377090454,0.4243695139884949,-0.28110480308532715,-0.5859373807907104,0.5347033739089966,-0.3072829842567444
167,11.696084,1.9690589,0.22217971,1.0,0.2026056,-0.43839573860168457,0.4230985939502716,-0.20293334126472473,-0.6351715326309204,0.5262447595596313,-0.20492877066135406
168,10.991263,0.60786116,0.22162366,1.0,0.19064897,-0.4919261634349823,0.3989592492580414,-0.10207363963127136,-0.6962727308273315,0.48130396008491516,-0.07801378518342972
169,10.56108,-2.6785076,0.22100423,1.0,0.18309009,-0.5234895348548889,0.3471856117248535,-0.12319880723953247,-0.7385711073875427,0.3979923725128174,-0.12198949605226517
170,10.260474,-4.9208217,0.22056444,1.0,0.17748763,-0.5384377837181091,0.31581631302833557,-0.09812992066144943,-0.75640869140625,0.3494521677494049,-0.0956842452287674
171,9.17961,-6.164369,0.22008671,1.0,0.15863077,-0.5451258420944214,0.29404565691947937,-0.08059611171483994,-0.7637357711791992,0.31913796067237854,-0.0848667249083519
172,7.87526,-6.3038807,0.21984112,1.0,0.13620377,-0.5486235618591309,0.2733185291290283,-0.07807892560958862,-0.767361581325531,0.29472965002059937,-0.08311466872692108
173,6.4051113,-5.872638,0.21978718,1.0,0.11097934,-0.5548311471939087,0.2672472298145294,-0.038587622344493866,-0.772973358631134,0.29309341311454773,-0.03135206177830696
174,5.831544,-5.651447,0.21982785,1.0,0.10111521,-0.5572015047073364,0.2515793442726135,-0.06103882938623428,-0.7759393453598022,0.2734336853027344,-0.06168963387608528
175,5.427048,-5.8601623,0.21979204,1.0,0.094088405,-0.5553277730941772,0.24143743515014648,-0.0927729457616806,-0.7738889455795288,0.25869613885879517,-0.10831928253173828
176,5.8559365,-5.16245,0.21994276,1.0,0.10161795,-0.558702290058136,0.23123899102210999,-0.08150912821292877,-0.7780553698539734,0.24466237425804138,-0.0903894454240799
177,6.059136,-4.862443,0.21997645,1.0,0.105179206,-0.562592089176178,0.22862359881401062,-0.05523458123207092,-0.7822451591491699,0.2404540479183197,-0.05374808609485626
178,6.455643,-5.079751,0.21995524,1.0,0.111997955,-0.5697365403175354,0.21446043252944946,-0.0032734062988311052,-0.7889155149459839,0.21872705221176147,0.014689913019537926
179,7.4098387,-5.598234,0.22003902,1.0,0.12836093,-0.5740654468536377,0.1894664764404297,-0.011694932356476784,-0.7934444546699524,0.18020910024642944,0.002599271945655346
180,8.163207,-5.9942336,0.22013374,1.0,0.14123248,-0.5753223896026611,0.17907434701919556,0.002808950375765562,-0.7940595746040344,0.16117215156555176,0.019909141585230827
181,8.881563,-6.342007,0.22022562,1.0,0.15346996,-0.577144980430603,0.16093862056732178,0.008812617510557175,-0.7951329350471497,0.13433295488357544,0.025326648727059364
182,8.174713,-15.3920965,0.21826087,1.0,0.13718969,-0.615066409111023,0.12182560563087463,-0.02051214501261711,-0.8256995677947998,0.0654287040233612,-0.010979555547237396
183,10.821495,-9.756725,0.21902904,1.0,0.18512797,-0.5940974950790405,0.13520115613937378,-0.012833735905587673,-0.806351363658905,0.08138632774353027,-0.007736785337328911
184,11.820074,-9.456423,0.21920599,1.0,0.20216992,-0.5912304520606995,0.13109129667282104,0.02973225712776184,-0.8016206622123718,0.07285243272781372,0.04961846023797989
185,7.0391164,-18.343817,0.21726573,1.0,0.11640632,-0.6102255582809448,0.11507180333137512,0.026483044028282166,-0.818238377571106,0.05623209476470947,0.048230454325675964
186,10.253281,-11.735499,0.2179689,1.0,0.1743935,-0.5915887951850891,0.14456194639205933,0.031186841428279877,-0.8033832907676697,0.09505042433738708,0.045404497534036636
187,10.302943,-9.139185,0.21828344,1.0,0.1766536,-0.5758733153343201,0.14003536105155945,0.0738891214132309,-0.7871752977371216,0.09780564904212952,0.10875725746154785
188,10.199409,-7.655289,0.21857557,1.0,0.17554525,-0.5739995837211609,0.13589638471603394,0.08146393299102783,-0.7851306796073914,0.09632021188735962,0.12187021970748901
189,9.043725,-6.7792935,0.21864097,1.0,0.15611602,-0.5704315900802612,0.13265487551689148,0.09953384101390839,-0.7811961770057678,0.09539008140563965,0.14418241381645203
190,7.017193,-6.4046087,0.21855292,1.0,0.12141601,-0.5596524477005005,0.12075239419937134,0.15935441851615906,-0.7664616107940674,0.08592504262924194,0.2208556830883026
191,3.6515577,-5.8962092,0.2182493,1.0,0.063352995,-0.5521369576454163,0.12030917406082153,0.17740888893604279,-0.7584835886955261,0.09765678644180298,0.2447935789823532
192,2.2712715,-6.4507813,0.21817355,1.0,0.03938026,-0.5500961542129517,0.10189935564994812,0.1923682987689972,-0.7557649612426758,0.07557067275047302,0.2602419853210449
193,1.3822091,-6.6762576,0.2182368,1.0,0.02395828,-0.5477678775787354,0.0925387442111969,0.20854812860488892,-0.7520055174827576,0.06441658735275269,0.28012627363204956
194,0.13688777,-7.062489,0.21817066,1.0,0.0023710132,-0.5508135557174683,0.08453792333602905,0.19615484774112701,-0.7567541003227234,0.056890785694122314,0.2626572251319885
195,-0.2235327,-7.153077,0.21831845,1.0,-0.0038710088,-0.5545425415039062,0.07921874523162842,0.17877700924873352,-0.7625381946563721,0.0521014928817749,0.23931965231895447
196,1.4792203,-8.352078,0.21876647,1.0,0.025540795,-0.5670987367630005,0.06574124097824097,0.13150082528591156,-0.778318464756012,0.026984333992004395,0.1732487976551056
197,2.3740094,-8.64515,0.21904214,1.0,0.04095259,-0.5709598660469055,0.055356740951538086,0.1293795257806778,-0.7807093858718872,0.008210420608520508,0.1713535636663437
198,3.419507,-8.85186,0.21928893,1.0,0.058938306,-0.5770970582962036,0.04288029670715332,0.09502303600311279,-0.7865597009658813,-0.013281673192977905,0.12756328284740448
199,4.1355476,-9.29182,0.21940261,1.0,0.07117484,-0.5797802805900574,0.03178688883781433,0.09464994072914124,-0.78774493932724,-0.030511021614074707,0.12638600170612335
200,4.7114177,-9.773017,0.21947965,1.0,0.08095301,-0.5826873779296875,0.02197900414466858,0.09315179288387299,-0.7890310883522034,-0.0461696982383728,0.12396325170993805
201,3.4433124,-9.847827,0.21934657,1.0,0.059179123,-0.5818875432014465,0.03127473592758179,0.12468868494033813,-0.7887981534004211,-0.030954092741012573,0.1624840348958969
202,2.6266203,-10.090846,0.21920119,1.0,0.045119684,-0.5807676911354065,0.028016716241836548,0.12931199371814728,-0.7875102162361145,-0.03400778770446777,0.16751739382743835
203,-0.3297106,-9.358955,0.21876651,1.0,-0.0056779087,-0.5791212916374207,0.025869518518447876,0.16649022698402405,-0.7846539616584778,-0.028006285429000854,0.2185719609260559
204,-3.4032001,-8.411651,0.21838531,1.0,-0.058725767,-0.5760601758956909,0.029623687267303467,0.18429355323314667,-0.7821989059448242,-0.011821448802947998,0.24329586327075958
205,-5.3144917,-8.666434,0.21814191,1.0,-0.091573834,-0.5768439769744873,0.033930957317352295,0.1837683767080307,-0.7846820950508118,0.0003132820129394531,0.24085663259029388
206,-6.595131,-8.063329,0.21801592,1.0,-0.11373201,-0.5782712697982788,0.034362584352493286,0.18210828304290771,-0.7869645953178406,0.006624132394790649,0.23875290155410767
207,-7.057897,-8.07889,0.21794157,1.0,-0.12167093,-0.5790267586708069,0.03272289037704468,0.17977648973464966,-0.7879412174224854,0.0074654221534729,0.23648038506507874
208,-6.3135495,-9.081896,0.21787734,1.0,-0.10860713,-0.5820431709289551,0.023765474557876587,0.17415103316307068,-0.7912564873695374,-0.008054852485656738,0.22599494457244873
209,-5.2590013,-9.813421,0.21786596,1.0,-0.09032795,-0.5843751430511475,0.014970868825912476,0.17242951691150665,-0.7927651405334473,-0.024167776107788086,0.22250297665596008
210,-4.648866,-9.714578,0.21781309,1.0,-0.079894304,-0.5892816185951233,0.014402419328689575,0.16992604732513428,-0.7976205945014954,-0.026271790266036987,0.21874220669269562
211,-5.1159034,-9.649038,0.21763845,1.0,-0.087919086,-0.5885452628135681,0.019722044467926025,0.18299877643585205,-0.7961923480033875,-0.016933172941207886,0.2369021624326706
212,-5.905794,-9.70544,0.21741259,1.0,-0.101435736,-0.5881061553955078,0.02555564045906067,0.19030706584453583,-0.7957838773727417,-0.006441563367843628,0.24611370265483856
213,-6.7461085,-9.325787,0.2172043,1.0,-0.11593836,-0.5861794948577881,0.02995339035987854,0.19884178042411804,-0.793401300907135,0.003476172685623169,0.25830426812171936
214,-6.905788,-9.46761,0.2169547,1.0,-0.118622564,-0.5899882912635803,0.03384241461753845,0.1801677942276001,-0.7989161014556885,0.009229838848114014,0.2332030087709427
215,-6.7842155,-9.114138,0.21676464,1.0,-0.11665942,-0.5917240381240845,0.03467458486557007,0.1749642938375473,-0.8006383180618286,0.009974539279937744,0.22722937166690826
216,-5.533501,-8.855899,0.21679634,1.0,-0.09528871,-0.5938714146614075,0.034197062253952026,0.1733245998620987,-0.8025652766227722,0.006510734558105469,0.22510288655757904
217,-5.194844,-8.544444,0.2167632,1.0,-0.08954613,-0.5949519872665405,0.040952444076538086,0.17171265184879303,-0.8038656711578369,0.014958441257476807,0.22334277629852295
218,-6.0023866,-7.708179,0.21665393,1.0,-0.10363519,-0.5943363904953003,0.05456021428108215,0.17270298302173615,-0.8035627007484436,0.036131083965301514,0.22584092617034912
219,-6.4128666,-7.177876,0.21661305,1.0,-0.110827565,-0.5941118597984314,0.05705153942108154,0.17323896288871765,-0.8035936951637268,0.04235631227493286,0.22636736929416656
220,-6.4434643,-6.44069,0.21675687,1.0,-0.111523315,-0.5922118425369263,0.060552120208740234,0.18029901385307312,-0.8012588024139404,0.04773983359336853,0.2361448109149933
221,-6.565502,-5.6847234,0.21692947,1.0,-0.113784015,-0.5921058654785156,0.06770697236061096,0.1852501928806305,-0.8007030487060547,0.05765119194984436,0.24393998086452484
222,-6.946746,-5.714194,0.216995,1.0,-0.1203545,-0.5905972123146057,0.07463788986206055,0.185197114944458,-0.7994635105133057,0.068471759557724,0.24370931088924408
223,-7.6965275,-5.4973254,0.2170105,1.0,-0.13332114,-0.5883598327636719,0.08282449841499329,0.1898730844259262,-0.7968994379043579,0.08199331164360046,0.2499072253704071
224,-8.08803,-5.433261,0.21705726,1.0,-0.14007472,-0.5889475345611572,0.08516860008239746,0.1907496154308319,-0.7974534034729004,0.08754763007164001,0.2510280907154083
225,-8.305474,-5.134747,0.2171411,1.0,-0.1438831,-0.5869283676147461,0.08873990178108215,0.1922934651374817,-0.7948316931724548,0.09388032555580139,0.2547437846660614
226,-8.238496,-5.068321,0.21726568,1.0,-0.14274509,-0.5858838558197021,0.09219250082969666,0.1941729336977005,-0.7934266328811646,0.09913715720176697,0.2580645978450775
227,-8.209813,-4.82766,0.21741766,1.0,-0.14230214,-0.5870445966720581,0.0913594663143158,0.19216445088386536,-0.7944899201393127,0.09907591342926025,0.2567967176437378
228,-8.234815,-4.669938,0.2175914,1.0,-0.14276455,-0.5842739343643188,0.09472084045410156,0.2044079601764679,-0.7906310558319092,0.10334229469299316,0.27288007736206055
229,-9.1046,-4.238626,0.2178143,1.0,-0.15781535,-0.5817224979400635,0.09640926122665405,0.20289961993694305,-0.7894070744514465,0.10755234956741333,0.26759907603263855
230,-9.013021,-3.453055,0.21812056,1.0,-0.15638147,-0.5814875960350037,0.09856081008911133,0.18918238580226898,-0.7908289432525635,0.1117950975894928,0.24899570643901825
231,-9.296333,-3.9085162,0.21816278,1.0,-0.16117474,-0.5791546106338501,0.09910765290260315,0.18944087624549866,-0.7891576290130615,0.1132081151008606,0.246842160820961
232,-9.24164,-4.666622,0.21823156,1.0,-0.16007984,-0.57074373960495,0.10892128944396973,0.20043820142745972,-0.7806094288825989,0.12315607070922852,0.2585654854774475
233,-9.123367,-5.2053843,0.21815653,1.0,-0.15792319,-0.5599590539932251,0.11220011115074158,0.22207333147525787,-0.7674563527107239,0.12669828534126282,0.2878528833389282
234,-8.637108,-6.01098,0.21800177,1.0,-0.14936848,-0.5573025941848755,0.11357724666595459,0.2238920032978058,-0.7648305296897888,0.12645411491394043,0.2893986105918884
235,-8.30136,-6.819826,0.21777539,1.0,-0.14337921,-0.5552396178245544,0.11525541543960571,0.2214888334274292,-0.7629889845848083,0.1278683841228485,0.28557655215263367
236,-9.161703,-6.683107,0.21760464,1.0,-0.15816659,-0.5536462068557739,0.11897411942481995,0.22393396496772766,-0.7607346773147583,0.13561150431632996,0.28865906596183777
237,-9.453051,-6.7924347,0.21743083,1.0,-0.16311736,-0.5502904057502747,0.11870485544204712,0.24698492884635925,-0.7546733021736145,0.13598090410232544,0.3191329538822174
238,-9.009757,-6.512282,0.21725047,1.0,-0.15561673,-0.5500115156173706,0.1173849105834961,0.2533930838108063,-0.7529152631759644,0.1335911750793457,0.3293219208717346
239,-8.882674,-6.561933,0.2170979,1.0,-0.15342396,-0.5501380562782288,0.1182246208190918,0.25193092226982117,-0.7531165480613708,0.13482338190078735,0.3271353840827942
240,-9.072532,-6.7047663,0.21686709,1.0,-0.15663281,-0.543096125125885,0.1295691728591919,0.2598210871219635,-0.7441703677177429,0.15156087279319763,0.3380313515663147
241,-9.003521,-6.5095744,0.21665443,1.0,-0.15551071,-0.5317202210426331,0.13433972001075745,0.2823828458786011,-0.7286967635154724,0.1576131284236908,0.36954784393310547
242,-9.020614,-6.4741783,0.21642005,1.0,-0.15581429,-0.530767560005188,0.13810795545578003,0.27878186106681824,-0.7275056838989258,0.16335594654083252,0.36535143852233887
243,-9.524298,-5.6413255,0.2162028,1.0,-0.16468625,-0.5234882831573486,0.1398603916168213,0.28878507018089294,-0.7168036699295044,0.16832047700881958,0.38132065534591675
244,-8.960827,-5.2507744,0.21625537,1.0,-0.1551213,-0.5244256258010864,0.14058852195739746,0.2840069532394409,-0.7182520031929016,0.16858023405075073,0.3757357895374298
245,-8.215423,-5.0433125,0.21633683,1.0,-0.14235339,-0.5251824855804443,0.14314275979995728,0.2896829843521118,-0.7177777290344238,0.1690261960029602,0.38475528359413147
246,-6.824905,-4.714952,0.21643563,1.0,-0.11843908,-0.512502908706665,0.1392877995967865,0.32600682973861694,-0.6981449127197266,0.15916404128074646,0.43548905849456787
247,-5.7931366,-4.8834305,0.21656291,1.0,-0.100574434,-0.5120993256568909,0.14177557826042175,0.32146409153938293,-0.6983988881111145,0.1593312919139862,0.4304767847061157
248,-4.8845863,-4.926759,0.21655202,1.0,-0.08483655,-0.5111416578292847,0.13947513699531555,0.3215416669845581,-0.6970329284667969,0.1539088785648346,0.43168193101882935
249,-3.4466746,-5.1483164,0.21661368,1.0,-0.059877884,-0.5159769654273987,0.13694721460342407,0.30222752690315247,-0.704874575138092,0.14723926782608032,0.4077417552471161
250,-2.895131,-3.85902,0.21670261,1.0,-0.050393846,-0.49043694138526917,0.13472548127174377,0.34168756008148193,-0.6678982973098755,0.14283999800682068,0.46579092741012573
251,-4.3956475,-3.1592016,0.21629722,1.0,-0.07652749,-0.4576500654220581,0.14632317423820496,0.3652220368385315,-0.6243311762809753,0.16647574305534363,0.5015883445739746
252,-2.3168612,-2.9650524,0.21616624,1.0,-0.040371805,-0.43501895666122437,0.14594623446464539,0.37603306770324707,-0.5940475463867188,0.154844731092453,0.5221787691116333
253,-6.349587,-1.1238604,0.21578728,1.0,-0.11057349,-0.44872456789016724,0.18104198575019836,0.35122331976890564,-0.6099516749382019,0.2199038565158844,0.4892802834510803
254,-8.786914,-0.79753447,0.21539935,1.0,-0.1527457,-0.44845762848854065,0.18538159132003784,0.3468158543109894,-0.6100942492485046,0.2355351448059082,0.48006415367126465
255,-10.472908,-1.5150163,0.21495692,1.0,-0.18170914,-0.4404420256614685,0.17460334300994873,0.3544538915157318,-0.6016227006912231,0.22499841451644897,0.48744866251945496
256,-12.209702,-1.6829945,0.21468623,1.0,-0.21140316,-0.43237680196762085,0.18098875880241394,0.36236509680747986,-0.5907901525497437,0.23819628357887268,0.4954916834831238
257,-13.459138,-1.6702408,0.21440153,1.0,-0.2326583,-0.42637574672698975,0.18458038568496704,0.35830503702163696,-0.5837594866752625,0.2487344741821289,0.48900556564331055
258,-13.415216,-0.21613441,0.21445373,1.0,-0.2320047,-0.4414236843585968,0.19464698433876038,0.3331148028373718,-0.604554295539856,0.25934961438179016,0.45637214183807373
259,-13.876244,0.8436343,0.21431461,1.0,-0.23980105,-0.44287845492362976,0.1939702332019806,0.3290342390537262,-0.6057437658309937,0.2616201341152191,0.45080918073654175
260,-15.503445,1.4681927,0.21409081,1.0,-0.26721483,-0.44383493065834045,0.19577690958976746,0.31724169850349426,-0.6080299615859985,0.27090951800346375,0.43226325511932373
261,-17.077803,0.8207112,0.21354999,1.0,-0.29364246,-0.4328421652317047,0.18721148371696472,0.3344479501247406,-0.5918003916740417,0.2666706144809723,0.45286300778388977
262,-18.841465,0.4738094,0.21320054,1.0,-0.3229409,-0.43346887826919556,0.18889936804771423,0.33289799094200134,-0.5925476551055908,0.27240046858787537,0.4476846754550934
263,-19.575686,-0.65488535,0.2128554,1.0,-0.33503234,-0.4408998191356659,0.17936068773269653,0.32744300365448,-0.6046858429908752,0.25997430086135864,0.43690991401672363
264,-19.04043,-2.3652825,0.21257393,1.0,-0.32598686,-0.4563952088356018,0.16876575350761414,0.31515371799468994,-0.6285752058029175,0.23989126086235046,0.41753968596458435
265,-16.902037,-3.4992514,0.21210693,1.0,-0.29023987,-0.45992404222488403,0.16215041279792786,0.31647545099258423,-0.6324926614761353,0.22071456909179688,0.4250096082687378
266,-16.80889,-4.201546,0.2118914,1.0,-0.28846794,-0.4779646694660187,0.1572723686695099,0.28249645233154297,-0.6607041358947754,0.21218860149383545,0.37462928891181946
267,-16.145319,-4.4463882,0.2119503,1.0,-0.2773021,-0.4760478436946869,0.15277987718582153,0.2877218425273895,-0.6603156924247742,0.20303675532341003,0.37960511445999146
268,-16.159426,-4.718023,0.21190137,1.0,-0.27744067,-0.48299479484558105,0.15094199776649475,0.277739942073822,-0.6711898446083069,0.20051953196525574,0.361566424369812
269,-15.317465,-5.250865,0.21190894,1.0,-0.2631354,-0.48564279079437256,0.14955201745033264,0.2581567168235779,-0.6775363683700562,0.19667765498161316,0.33471664786338806
270,-12.559464,-5.2013454,0.212106,1.0,-0.21659943,-0.48303911089897156,0.14951318502426147,0.26242485642433167,-0.673821210861206,0.18754300475120544,0.3469522297382355
271,-10.579673,-4.4421577,0.21239574,1.0,-0.1830696,-0.48922494053840637,0.1572251319885254,0.24870999157428741,-0.6803005933761597,0.1939985752105713,0.333855539560318
272,-9.429801,-4.8142066,0.21241938,1.0,-0.16327652,-0.5022218823432922,0.15973764657974243,0.20747031271457672,-0.6997895240783691,0.19383174180984497,0.2776601314544678
273,-7.242761,-4.5155396,0.21270905,1.0,-0.1256885,-0.4991093873977661,0.16584724187850952,0.21539026498794556,-0.6948114633560181,0.19668817520141602,0.29281556606292725
274,-7.681116,-3.3598752,0.21269487,1.0,-0.13343391,-0.4903394877910614,0.18371355533599854,0.2190832942724228,-0.68241286277771,0.2291785478591919,0.29832887649536133
275,-10.000647,-2.5042636,0.21238284,1.0,-0.17349845,-0.49054521322250366,0.2119559943675995,0.18909123539924622,-0.6808902621269226,0.2784024775028229,0.25587520003318787
276,-11.812886,-2.6279116,0.21227367,1.0,-0.20450991,-0.4856671690940857,0.23976588249206543,0.12228331714868546,-0.6770708560943604,0.3221186399459839,0.16281428933143616
277,-11.791671,-2.5017893,0.21249671,1.0,-0.20416711,-0.4806652069091797,0.2691161334514618,0.11465627700090408,-0.6682789325714111,0.3611108362674713,0.1532946228981018
278,-9.647268,-3.7688167,0.21293546,1.0,-0.16722986,-0.4824445843696594,0.27657198905944824,0.007733658887445927,-0.6767361164093018,0.3637058138847351,0.0076484596356749535
279,-7.709901,-4.540496,0.21341212,1.0,-0.13374394,-0.4803776741027832,0.2928294837474823,-0.01836157590150833,-0.6749662160873413,0.37980565428733826,-0.029093921184539795
280,-5.9507713,-4.098035,0.2139185,1.0,-0.1034117,-0.4714454412460327,0.3053807020187378,-0.08325514197349548,-0.6642335057258606,0.39342349767684937,-0.11227862536907196
281,-4.548213,-3.530871,0.21433827,1.0,-0.079148374,-0.46984347701072693,0.328996866941452,-0.07138780504465103,-0.6627851724624634,0.4199073016643524,-0.09259365499019623
282,-4.091957,-4.345463,0.21447064,1.0,-0.07115334,-0.4639798104763031,0.3365814983844757,-0.07372687757015228,-0.6559839248657227,0.4287920296192169,-0.09881260246038437
283,-4.1504135,-4.657283,0.21456367,1.0,-0.072137326,-0.4643925726413727,0.3493812382221222,-0.05624864995479584,-0.6554430723190308,0.445485383272171,-0.0736057460308075
284,-6.052239,-5.831626,0.21448122,1.0,-0.10489554,-0.4574989080429077,0.35252827405929565,-0.08950479328632355,-0.6434603333473206,0.4521762728691101,-0.12811587750911713
285,-5.4552426,-7.6025934,0.21443383,1.0,-0.09423993,-0.455514132976532,0.34132781624794006,-0.09222910553216934,-0.6443742513656616,0.4331621825695038,-0.135590061545372
286,-3.1197083,-8.845256,0.21446481,1.0,-0.053776935,-0.443699449300766,0.3507537245750427,-0.09854105114936829,-0.6326724290847778,0.4405671954154968,-0.14563578367233276
287,-0.54758954,-9.621902,0.21466593,1.0,-0.00942266,-0.43735918402671814,0.35330265760421753,-0.12968003749847412,-0.6271599531173706,0.4337450861930847,-0.18956448137760162
288,-0.5862137,-7.3827615,0.21482374,1.0,-0.010146372,-0.42369982600212097,0.37519997358322144,-0.1481114774942398,-0.6095133423805237,0.4665614366531372,-0.20534482598304749
289,-1.3331772,-3.3039994,0.21511988,1.0,-0.02322758,-0.3974948227405548,0.39183035492897034,-0.21344512701034546,-0.5739490985870361,0.48805955052375793,-0.2901288568973541
290,-0.64448565,0.048075624,0.21500126,1.0,-0.011248156,-0.3652983009815216,0.4004356563091278,-0.25664985179901123,-0.5332212448120117,0.5078936815261841,-0.3371495008468628
291,-0.7391152,1.1488467,0.21495798,1.0,-0.012897044,-0.3579235076904297,0.4051888585090637,-0.24218648672103882,-0.5247377753257751,0.5202661752700806,-0.31386038661003113
292,1.182375,3.00421,0.21534936,1.0,0.020606525,-0.34356147050857544,0.4268459677696228,-0.21763856709003448,-0.5118247866630554,0.5459042191505432,-0.27999186515808105
293,7.5739245,4.6812177,0.21591897,1.0,0.13137321,-0.356616348028183,0.403359591960907,-0.2582206130027771,-0.5451036095619202,0.4882017970085144,-0.3206334114074707
294,4.832562,4.524672,0.21562885,1.0,0.083983466,-0.29696202278137207,0.451762318611145,-0.2732001543045044,-0.45872291922569275,0.5725947618484497,-0.3488885760307312
295,6.476867,5.4970403,0.21608168,1.0,0.11228986,-0.2884504497051239,0.47457778453826904,-0.24552670121192932,-0.451776921749115,0.5974924564361572,-0.3155819773674011
296,8.061935,6.9016423,0.21658418,1.0,0.13924706,-0.2807157635688782,0.4720534682273865,-0.27335235476493835,-0.4462652802467346,0.5839685797691345,-0.35688120126724243
297,9.918891,8.541991,0.21715109,1.0,0.17039892,-0.2893609404563904,0.4741875231266022,-0.26860129833221436,-0.4644050598144531,0.5796277523040771,-0.3420622646808624
298,10.45879,11.014254,0.21788986,1.0,0.17829172,-0.28241437673568726,0.461508572101593,-0.31925106048583984,-0.4584648609161377,0.5601059198379517,-0.40147504210472107
299,10.869018,13.2507305,0.21853174,1.0,0.18371585,-0.29010826349258423,0.4585968554019928,-0.32038748264312744,-0.47183507680892944,0.5511430501937866,-0.39891576766967773
300,10.534868,14.713582,0.21899953,1.0,0.17702928,-0.2935912609100342,0.45048972964286804,-0.33929523825645447,-0.4768116772174835,0.5400048494338989,-0.41915836930274963
301,9.560745,15.918445,0.21940486,1.0,0.15989001,-0.2996537983417511,0.4461873769760132,-0.34866493940353394,-0.48399803042411804,0.5347042679786682,-0.4281662702560425
302,9.027633,17.351976,0.219461,1.0,0.14993414,-0.2972109019756317,0.4401738941669464,-0.36229488253593445,-0.4812798500061035,0.5260118246078491,-0.44544297456741333
303,8.511083,18.919735,0.21974638,1.0,0.14016628,-0.2953105866909027,0.4384855329990387,-0.356730192899704,-0.48043879866600037,0.5271309614181519,-0.4352031648159027
304,8.161493,19.641422,0.22008158,1.0,0.13385601,-0.2891078591346741,0.4327320158481598,-0.3813719153404236,-0.47220396995544434,0.5194764137268066,-0.4673203229904175
305,8.169339,20.2164,0.22042143,1.0,0.13350618,-0.29186496138572693,0.43273624777793884,-0.3782177269458771,-0.4761095345020294,0.5181828737258911,-0.46388229727745056
306,7.3810453,20.533274,0.2206415,1.0,0.12042813,-0.2764382064342499,0.43337482213974,-0.3933139145374298,-0.45606982707977295,0.5218546390533447,-0.4859771430492401
307,5.763778,19.882929,0.22093458,1.0,0.09449594,-0.26198774576187134,0.4312821626663208,-0.4168810546398163,-0.4358205497264862,0.525093138217926,-0.5158444046974182
308,5.038509,18.25257,0.22116323,1.0,0.083437935,-0.24537363648414612,0.4290473759174347,-0.4386298656463623,-0.41088026762008667,0.5249876976013184,-0.5496081709861755
309,4.8766026,17.53345,0.22149375,1.0,0.08108719,-0.23003767430782318,0.4300384521484375,-0.4410204291343689,-0.3903520703315735,0.5280120968818665,-0.5583232045173645
310,4.964157,16.976582,0.22178206,1.0,0.08278823,-0.21580944955348969,0.43156948685646057,-0.44876396656036377,-0.37053176760673523,0.5291633605957031,-0.574158251285553
311,6.000991,15.749285,0.22194408,1.0,0.10066141,-0.20425686240196228,0.42203542590141296,-0.46807748079299927,-0.3535178303718567,0.5107089281082153,-0.6063429713249207
312,6.23129,15.483447,0.22203358,1.0,0.10464695,-0.20009538531303406,0.4057239294052124,-0.4831804931163788,-0.34662961959838867,0.48685920238494873,-0.6289326548576355
313,5.978625,15.059349,0.22203718,1.0,0.10061723,-0.1922799050807953,0.3918372690677643,-0.5009730458259583,-0.335409939289093,0.46646836400032043,-0.6534345149993896
314,5.245362,14.08413,0.22191013,1.0,0.088694796,-0.176477313041687,0.3779600262641907,-0.5196323990821838,-0.31128352880477905,0.4497438669204712,-0.6806245446205139
315,4.333808,12.068822,0.22169966,1.0,0.073906094,-0.15729239583015442,0.3536105453968048,-0.5461650490760803,-0.27886128425598145,0.4198966920375824,-0.7193062901496887
316,4.536733,10.169857,0.22168513,1.0,0.077863075,-0.14291341602802277,0.32718443870544434,-0.5646005868911743,-0.2541077435016632,0.38079261779785156,-0.7487371563911438
317,5.8248706,8.331808,0.22161475,1.0,0.10042785,-0.12476375699043274,0.3077007532119751,-0.5668411254882812,-0.22193677723407745,0.34713810682296753,-0.7620722651481628
318,6.3416505,8.339702,0.22153756,1.0,0.10930285,-0.12406111508607864,0.2998647689819336,-0.572454035282135,-0.22172334790229797,0.33208203315734863,-0.7686759233474731
319,5.978139,8.633492,0.22140393,1.0,0.10298146,-0.11842434108257294,0.2971056401729584,-0.5746392607688904,-0.21527445316314697,0.32732918858528137,-0.7714292407035828
320,4.37226,8.471466,0.22126736,1.0,0.07540926,-0.09866410493850708,0.2997286021709442,-0.5809568166732788,-0.1882287710905075,0.33519652485847473,-0.7801538109779358
321,3.8686974,7.905602,0.22135168,1.0,0.06683186,-0.08331267535686493,0.3077460527420044,-0.5741897821426392,-0.16415949165821075,0.34871792793273926,-0.7761344909667969
322,4.9851813,7.98913,0.2214188,1.0,0.08606098,-0.0751226395368576,0.3201029300689697,-0.5693615674972534,-0.15197782218456268,0.3609050512313843,-0.7729659676551819
323,5.2109394,7.894597,0.2215725,1.0,0.08996896,-0.0634942278265953,0.31890732049942017,-0.5855870842933655,-0.1354207545518875,0.3586524724960327,-0.7913570404052734
324,7.119935,8.199605,0.22172718,1.0,0.12269883,-0.06538891792297363,0.3186913728713989,-0.5811047554016113,-0.13960522413253784,0.3517361879348755,-0.7874125838279724
325,7.9054832,8.294863,0.22171946,1.0,0.13612731,-0.05947995185852051,0.30919283628463745,-0.5792194604873657,-0.13046318292617798,0.33676570653915405,-0.7874516248703003
326,8.596527,8.385551,0.22151919,1.0,0.14791256,-0.06362008303403854,0.30106955766677856,-0.5762535929679871,-0.13466152548789978,0.3225169777870178,-0.7849732041358948
327,7.4720464,9.049998,0.2208532,1.0,0.1284505,-0.04614283889532089,0.2631150186061859,-0.5921187400817871,-0.11327145993709564,0.27789047360420227,-0.8020033836364746
328,3.832556,10.448419,0.22008562,1.0,0.06573737,-0.03242351859807968,0.2187175154685974,-0.6048272252082825,-0.09573441743850708,0.23095542192459106,-0.8152545094490051
329,1.7030756,11.575109,0.21955903,1.0,0.029115994,-0.02466435357928276,0.19308426976203918,-0.6123277544975281,-0.08796488493680954,0.20714029669761658,-0.8220934271812439
330,-1.1234714,13.428911,0.21899076,1.0,-0.019071138,-0.013174417428672314,0.12316253781318665,-0.6199880838394165,-0.07609065622091293,0.12885379791259766,-0.8296690583229065
331,-3.71436,14.999434,0.21830463,1.0,-0.06258397,-0.014465684071183205,0.08627885580062866,-0.6206649541854858,-0.08044764399528503,0.09441763162612915,-0.8286001682281494
332,-6.1353817,16.362484,0.21770649,1.0,-0.1025959,-0.01937475986778736,0.08351653814315796,-0.6082097887992859,-0.08934729546308517,0.10259959101676941,-0.8134798407554626
333,-10.88602,17.888573,0.21698578,1.0,-0.1800289,-0.022444289177656174,0.04858329892158508,-0.6023083925247192,-0.09334665536880493,0.0764036774635315,-0.8054873943328857
334,-15.316811,19.189608,0.2166375,1.0,-0.25042427,-0.021094737574458122,0.024461030960083008,-0.5945119857788086,-0.08813514560461044,0.06347951292991638,-0.7967864274978638
335,-19.354803,19.766941,0.21675932,1.0,-0.31386638,-0.019513241946697235,0.03478226065635681,-0.5868411660194397,-0.08155753463506699,0.09138268232345581,-0.7866698503494263
336,-20.636627,19.63864,0.21684286,1.0,-0.33429232,-0.017474329099059105,0.06488138437271118,-0.5880529284477234,-0.07528601586818695,0.13374629616737366,-0.7853756546974182
337,-19.905329,18.49258,0.21661086,1.0,-0.32478625,-0.02042071521282196,0.07595464587211609,-0.5894744396209717,-0.07755520939826965,0.14660057425498962,-0.7861087918281555
338,-19.91868,18.565681,0.21645126,1.0,-0.32487348,-0.028889428824186325,0.08460628986358643,-0.5927211046218872,-0.08884309977293015,0.15652412176132202,-0.7878736853599548
339,-22.070301,18.71502,0.21594504,1.0,-0.35849184,-0.014158381149172783,0.11124613881111145,-0.606858491897583,-0.07043854147195816,0.1902870535850525,-0.7997764348983765
340,-19.158503,18.944641,0.21552783,1.0,-0.31218284,-0.011967025697231293,0.13339558243751526,-0.5951076745986938,-0.0702873021364212,0.22173357009887695,-0.7828505635261536
341,-15.342295,19.962536,0.21547052,1.0,-0.24970858,-0.0020236107520759106,0.16261553764343262,-0.5895420908927917,-0.06538353115320206,0.25202521681785583,-0.7750656008720398
342,-13.496947,20.848343,0.2156853,1.0,-0.21886863,-0.0040044658817350864,0.17490902543067932,-0.5865399837493896,-0.07163082808256149,0.26841989159584045,-0.7687556147575378
343,-12.453859,21.652073,0.21602981,1.0,-0.2010747,-0.011321371421217918,0.1846671998500824,-0.5780518651008606,-0.08601110428571701,0.2824479043483734,-0.7556166648864746
344,-8.434684,20.302998,0.21609353,1.0,-0.13774717,-0.03584807366132736,0.17915025353431702,-0.5736063122749329,-0.12417659908533096,0.2681315243244171,-0.7496086359024048
345,-5.744439,20.547947,0.21623872,1.0,-0.09378145,-0.05160544067621231,0.16783928871154785,-0.5769897699356079,-0.15044447779655457,0.24229812622070312,-0.7543197274208069
346,-4.46787,20.734667,0.2162837,1.0,-0.07288218,-0.0714653879404068,0.14909818768501282,-0.5754091143608093,-0.17984053492546082,0.21068814396858215,-0.7521579265594482
347,-7.452045,20.57831,0.2165403,1.0,-0.12154712,-0.09835845232009888,0.09142324328422546,-0.574271023273468,-0.21089942753314972,0.14835631847381592,-0.7502905130386353
348,-7.100918,20.812937,0.21675695,1.0,-0.11566241,-0.10928105562925339,0.10790976881980896,-0.5668014287948608,-0.22695782780647278,0.16893473267555237,-0.7382998466491699
349,-4.133365,21.709871,0.21699402,1.0,-0.0669895,-0.12238864600658417,0.10665479302406311,-0.557987630367279,-0.2508653700351715,0.1611100137233734,-0.7241645455360413
350,-1.9269354,22.537575,0.21737367,1.0,-0.031059608,-0.14189212024211884,0.1089451014995575,-0.5551124811172485,-0.2819293439388275,0.15802818536758423,-0.7139574885368347
351,0.81060237,22.980001,0.21753009,1.0,0.013024703,-0.1586688607931137,0.11528083682060242,-0.5388155579566956,-0.309369832277298,0.15755322575569153,-0.6898837685585022
352,1.900718,24.442122,0.2175458,1.0,0.030198053,-0.17223244905471802,0.13056662678718567,-0.5266455411911011,-0.332508385181427,0.17469635605812073,-0.6669679284095764
353,3.8344066,27.211264,0.21771972,1.0,0.059499823,-0.19095996022224426,0.13820958137512207,-0.5062318444252014,-0.3651542067527771,0.18188351392745972,-0.6293205618858337
354,3.7293954,28.735222,0.2177555,1.0,0.05706203,-0.186448872089386,0.14883893728256226,-0.5029553771018982,-0.3615116477012634,0.19701063632965088,-0.6231634020805359
355,6.3661327,29.18966,0.21789683,1.0,0.09694252,-0.17587855458259583,0.23107537627220154,-0.4783082604408264,-0.3522907495498657,0.29078254103660583,-0.5914136171340942
356,9.181347,29.798655,0.2181954,1.0,0.13889971,-0.1735851764678955,0.2764319181442261,-0.44981810450553894,-0.35588976740837097,0.34088724851608276,-0.550911009311676
357,5.498541,30.868362,0.21843785,1.0,0.08234687,-0.15724295377731323,0.3323935270309448,-0.4388621151447296,-0.3318417966365814,0.4209185242652893,-0.535783052444458
358,4.767156,30.813643,0.2185394,1.0,0.07143988,-0.15092363953590393,0.3464425504207611,-0.4468330442905426,-0.3221767842769623,0.44115373492240906,-0.5441039204597473
359,2.9565368,31.822792,0.21936016,1.0,0.04384151,-0.09880024194717407,0.45071959495544434,-0.4169078469276428,-0.24870045483112335,0.5923705101013184,-0.4916328191757202
360,1.6344981,32.119434,0.22076128,1.0,0.024160525,-0.0832795575261116,0.5466187596321106,-0.3095192611217499,-0.2140587568283081,0.7219366431236267,-0.3394522964954376
361,-0.7016527,27.759808,0.22074138,1.0,-0.01083662,-0.07852055132389069,0.5877376794815063,-0.27037313580513,-0.18395718932151794,0.7807586193084717,-0.2891557514667511
362,-1.5687468,25.38085,0.22061463,1.0,-0.024735676,-0.10505684465169907,0.6145104169845581,-0.22130882740020752,-0.20450064539909363,0.8113818764686584,-0.22614352405071259
363,-0.03017544,22.859938,0.21969725,1.0,-0.00048529543,-0.12679708003997803,0.6041649580001831,-0.22477085888385773,-0.23866982758045197,0.7927361726760864,-0.23863688111305237
364,-4.2860265,19.26134,0.21890546,1.0,-0.07057357,-0.10433784127235413,0.5994185209274292,-0.2242353856563568,-0.18302106857299805,0.8030153512954712,-0.2408752739429474
365,-8.631743,15.287296,0.21877925,1.0,-0.14488605,-0.10341191291809082,0.597388744354248,-0.21378208696842194,-0.15945763885974884,0.8082576990127563,-0.2298295944929123
366,-10.336925,12.7441,0.21891208,1.0,-0.17515312,-0.07789772748947144,0.5907225608825684,-0.20855435729026794,-0.11639989912509918,0.8049169778823853,-0.23223617672920227
367,-12.353568,9.22303,0.21875195,1.0,-0.21130216,-0.04191049188375473,0.6053526401519775,-0.18558722734451294,-0.05700674653053284,0.8215968608856201,-0.2149634063243866
368,-10.689729,4.4823027,0.21719515,1.0,-0.18494259,-0.05234897881746292,0.6200823783874512,-0.12469448894262314,-0.07331113517284393,0.8356168270111084,-0.141404390335083
369,-11.316599,0.3275137,0.21778001,1.0,-0.19622716,-0.04984632134437561,0.6146233081817627,-0.09725821763277054,-0.07396421581506729,0.829940915107727,-0.11927612870931625
370,-10.997898,-1.0693388,0.21834208,1.0,-0.19074099,-0.04803233593702316,0.6199000477790833,-0.11537992209196091,-0.07334524393081665,0.8340914845466614,-0.1493586152791977
371,-10.969125,-0.25499514,0.21875076,1.0,-0.19027819,-0.05652167275547981,0.6354892253875732,-0.09062071889638901,-0.08019576966762543,0.8517311811447144,-0.11366082727909088
372,-12.867627,-0.38277617,0.21920693,1.0,-0.22269459,-0.04087195545434952,0.6353880167007446,-0.09814313054084778,-0.051161929965019226,0.851377010345459,-0.13412298262119293
373,-13.92263,3.103369,0.21977651,1.0,-0.24027894,-0.04472897946834564,0.6269915103912354,-0.09994515776634216,-0.050169624388217926,0.8432929515838623,-0.1384912133216858
374,-14.5163765,4.7928762,0.22027935,1.0,-0.24983503,-0.05647210776805878,0.6228203773498535,-0.10624443739652634,-0.06241469830274582,0.8389946222305298,-0.14815352857112885
375,-15.778566,5.281476,0.22055615,1.0,-0.27085072,-0.06700384616851807,0.6169455647468567,-0.11848308891057968,-0.07059061527252197,0.8321541547775269,-0.16662263870239258
376,-17.25852,3.7139118,0.22070408,1.0,-0.29611522,-0.06579415500164032,0.6228970289230347,-0.10473581403493881,-0.06729265302419662,0.8385974168777466,-0.15144114196300507
377,-16.725464,3.7363834,0.22097841,1.0,-0.28722498,-0.03240266442298889,0.6208215951919556,-0.14306803047657013,-0.02464829757809639,0.8337318897247314,-0.2017241269350052
378,-14.280879,4.076896,0.22088858,1.0,-0.24608928,-0.022737832739949226,0.6310817003250122,-0.14170122146606445,-0.018722053617239,0.8457808494567871,-0.19346916675567627
379,-13.432691,4.713884,0.2208231,1.0,-0.23155934,-0.025813426822423935,0.64115309715271,-0.05278331786394119,-0.024114826694130898,0.861119270324707,-0.0721440538764
380,-14.21773,6.095253,0.22071739,1.0,-0.24430199,-0.017234332859516144,0.6301162242889404,-0.06311801075935364,-0.006258087232708931,0.849177360534668,-0.08777377009391785
381,-16.34707,6.849254,0.2205881,1.0,-0.27960408,-0.012175280600786209,0.6183688640594482,-0.08135008811950684,0.008079219609498978,0.8351540565490723,-0.11674854159355164
382,-17.05913,7.63398,0.22064458,1.0,-0.29097947,-0.009053276851773262,0.6193708181381226,-0.06203746050596237,0.019178835675120354,0.8365095853805542,-0.08919864147901535
383,-14.26844,8.693564,0.2203555,1.0,-0.24380282,-0.010395731776952744,0.6367033123970032,-0.09090268611907959,0.011759458109736443,0.8553880453109741,-0.10648095607757568
384,-15.423083,9.130154,0.22023946,1.0,-0.26280925,-0.015488831326365471,0.6375701427459717,-0.06933034956455231,0.011095371097326279,0.85565185546875,-0.08479204028844833
385,-17.481659,9.191634,0.22014958,1.0,-0.2968852,-0.0037318579852581024,0.6346691846847534,-0.07593902945518494,0.03391360491514206,0.8503645062446594,-0.09883402287960052
386,-19.636576,9.576476,0.22029513,1.0,-0.33188888,0.01749039813876152,0.629060685634613,-0.11783559620380402,0.06644149124622345,0.838656485080719,-0.1647752970457077
387,-19.712687,9.86309,0.22040117,1.0,-0.33287442,0.02460949681699276,0.6248756051063538,-0.14173537492752075,0.07635409384965897,0.8315607905387878,-0.19813047349452972
388,-18.380976,10.509954,0.22031891,1.0,-0.3105578,0.03584334999322891,0.624426007270813,-0.14683912694454193,0.08944378048181534,0.8316732048988342,-0.1989545077085495
389,-17.45386,11.050545,0.22039884,1.0,-0.29486406,0.037742722779512405,0.6239882111549377,-0.1500217467546463,0.09271548688411713,0.8318480253219604,-0.19847731292247772
390,-18.364483,10.470613,0.22029424,1.0,-0.31032357,0.04704611748456955,0.6325849294662476,-0.14546139538288116,0.10558491200208664,0.8399977684020996,-0.19109778106212616
391,-18.014732,10.083678,0.22033882,1.0,-0.30493176,0.04430735856294632,0.6266642808914185,-0.1650393307209015,0.1022711843252182,0.8316415548324585,-0.2213750034570694
392,-12.703911,10.371738,0.22019671,1.0,-0.21648924,0.05055628716945648,0.6379507780075073,-0.20275044441223145,0.10354701429605484,0.847966194152832,-0.2424001395702362
393,-13.359147,9.836915,0.22059886,1.0,-0.22783488,0.05145004391670227,0.6416599154472351,-0.18633709847927094,0.1077321469783783,0.8496584296226501,-0.23358958959579468
394,-17.899103,9.477366,0.2210699,1.0,-0.30353567,0.03264808654785156,0.6464064121246338,-0.12071491777896881,0.09077837318181992,0.8527499437332153,-0.17470672726631165
395,-20.307457,9.467392,0.22132988,1.0,-0.34288976,0.034761134535074234,0.6399310827255249,-0.11570364236831665,0.09543262422084808,0.8440221548080444,-0.1761413961648941
396,-22.98524,8.677359,0.22149177,1.0,-0.38669595,0.03594944253563881,0.6402735710144043,-0.0859660804271698,0.09782464802265167,0.8438029289245605,-0.14765775203704834
397,-25.707975,8.647053,0.22173876,1.0,-0.42976877,0.03074773959815502,0.637559175491333,-0.07306744158267975,0.09505253285169601,0.8385143280029297,-0.1412583291530609
398,-27.610825,9.65397,0.22182034,1.0,-0.4582864,0.022188479080796242,0.6362540125846863,-0.051178958266973495,0.08512605726718903,0.8366872072219849,-0.12238049507141113
399,-29.062965,11.293241,0.22217672,1.0,-0.4785351,0.018989525735378265,0.6335481405258179,-0.04901774972677231,0.08436502516269684,0.8313484191894531,-0.1262420266866684
400,-29.470106,11.899332,0.22222285,1.0,-0.48389378,0.017119312658905983,0.6288505792617798,-0.05722418799996376,0.085182785987854,0.8246750831604004,-0.13724370300769806
401,-29.272776,15.361197,0.22250834,1.0,-0.4755055,-0.00966177973896265,0.6189876794815063,-0.07747839391231537,0.0512932613492012,0.8125780820846558,-0.16867707669734955
402,-27.799736,16.630138,0.22229235,1.0,-0.45090947,-0.02173677086830139,0.6238653659820557,-0.03758486360311508,0.04002741724252701,0.8243889808654785,-0.1109970435500145
403,-27.44292,17.54234,0.22217529,1.0,-0.44373393,-0.02685898169875145,0.624829888343811,-0.008089447394013405,0.03706800937652588,0.8288009166717529,-0.0686783418059349
404,-27.633715,18.260658,0.22214067,1.0,-0.44518664,-0.0336722806096077,0.620944619178772,-0.018967822194099426,0.03160341829061508,0.8239706754684448,-0.08114483207464218
405,-27.321688,18.873241,0.2219373,1.0,-0.43917674,-0.046070646494627,0.6204808950424194,-0.01381674688309431,0.017075248062610626,0.8252456188201904,-0.0716109424829483
406,-27.822443,18.44912,0.22171748,1.0,-0.44765538,-0.05409873276948929,0.6155953407287598,-0.012096201069653034,0.004242289811372757,0.8214132785797119,-0.07035371661186218
407,-26.682335,16.028381,0.22123906,1.0,-0.4349431,-0.055658742785453796,0.6118396520614624,-0.010846064426004887,-0.005823665764182806,0.8218302726745605,-0.05949920415878296
408,-25.925043,14.3968935,0.22103953,1.0,-0.42598987,-0.05017625913023949,0.6124578714370728,-0.014923078007996082,0.0014759642072021961,0.8226549625396729,-0.059730518609285355
409,-26.554472,13.82725,0.22112402,1.0,-0.4365924,-0.05057675391435623,0.6133886575698853,-0.018896903842687607,0.003452761098742485,0.8222036361694336,-0.06760981678962708
410,-26.483335,13.358444,0.22107074,1.0,-0.43619344,-0.05289927124977112,0.6128377914428711,-0.006484120152890682,0.004105037078261375,0.8228210210800171,-0.04559711739420891
411,-26.289127,11.451526,0.22108734,1.0,-0.43577224,-0.05478904768824577,0.6130326390266418,-0.014661045745015144,-0.00044701527804136276,0.8240829110145569,-0.05186771973967552
412,-26.580975,10.083813,0.22123064,1.0,-0.44190836,-0.06205885112285614,0.6137418150901794,-0.023565534502267838,-0.013805149123072624,0.8249254822731018,-0.06846582889556885
413,-24.898746,7.5612535,0.2213213,1.0,-0.41799706,-0.06567765772342682,0.6158599853515625,-0.03445076569914818,-0.02303405851125717,0.8297061920166016,-0.07232476025819778
414,-23.49371,5.832951,0.22144109,1.0,-0.39691022,-0.06867990642786026,0.6166873574256897,-0.058893367648124695,-0.031210385262966156,0.8311470150947571,-0.0993809774518013
415,-23.193855,4.946426,0.22146244,1.0,-0.39260304,-0.07770155370235443,0.6166202425956726,-0.06377335637807846,-0.04436482489109039,0.8307753205299377,-0.10929124802350998
416,-22.588032,3.930797,0.22141375,1.0,-0.38333184,-0.08805680274963379,0.618366539478302,-0.062365442514419556,-0.06048929691314697,0.8338730335235596,-0.10503901541233063
417,-22.063272,3.4308589,0.2212702,1.0,-0.3750518,-0.10008720308542252,0.6207529306411743,-0.05796710401773453,-0.07880742847919464,0.8371026515960693,-0.09920387715101242
418,-21.049894,2.8467402,0.22108014,1.0,-0.35879466,-0.11286485195159912,0.6251717209815979,-0.04528939351439476,-0.09891115128993988,0.8433877229690552,-0.0779007151722908
419,-21.927017,2.071095,0.2210484,1.0,-0.37321532,-0.11630527675151825,0.6250948309898376,-0.03252282366156578,-0.10531936585903168,0.8433210253715515,-0.06597479432821274
420,-23.164146,1.0034002,0.22114377,1.0,-0.39331573,-0.11298101395368576,0.621265709400177,-0.03155098482966423,-0.10174560546875,0.8377911448478699,-0.07508338987827301
421,-23.466108,0.5144309,0.2211342,1.0,-0.39819303,-0.11377046257257462,0.6183226108551025,-0.021829897537827492,-0.10421642661094666,0.8349249362945557,-0.06533261388540268
422,-24.345333,0.71474063,0.2211586,1.0,-0.41220874,-0.1203702911734581,0.6155307292938232,-0.007225926965475082,-0.11339245736598969,0.832082211971283,-0.051586855202913284
423,-23.867876,0.32707387,0.221078,1.0,-0.40462342,-0.11950499564409256,0.6165163516998291,-0.004679905250668526,-0.11154220253229141,0.8344346284866333,-0.04106253385543823
424,-23.200228,0.3448326,0.2210333,1.0,-0.39393958,-0.12093701958656311,0.6178843379020691,-0.008714204654097557,-0.11400964856147766,0.8363050222396851,-0.04188252240419388
425,-22.662552,0.1280181,0.22103512,1.0,-0.38530222,-0.12105892598628998,0.6199164390563965,-0.008239652961492538,-0.11427076905965805,0.8387919664382935,-0.0383053719997406
426,-22.405993,-0.34808812,0.2210764,1.0,-0.3811611,-0.1210862249135971,0.6197522282600403,-0.011901503428816795,-0.11540587246417999,0.8386569619178772,-0.04228620231151581
427,-21.977127,-0.628648,0.22108291,1.0,-0.37421703,-0.12240064144134521,0.6204401254653931,-0.005122289061546326,-0.11899029463529587,0.8398081064224243,-0.032393310219049454
428,-22.435066,-1.2106781,0.22115488,1.0,-0.38156337,-0.12140481919050217,0.6197261810302734,-0.0013023503124713898,-0.11770226806402206,0.8388677835464478,-0.030844368040561676
429,-22.863012,-1.4938467,0.22121866,1.0,-0.38841707,-0.12156139314174652,0.6192400455474854,0.0028323382139205933,-0.117708720266819,0.8382474184036255,-0.02812926098704338
430,-23.999496,-1.2032279,0.22134171,1.0,-0.40665376,-0.1221659779548645,0.6181204319000244,0.013484913855791092,-0.11618998646736145,0.8368794918060303,-0.01969520002603531
431,-23.80764,-2.0624938,0.2214141,1.0,-0.4034484,-0.11414121091365814,0.6207319498062134,0.014273406937718391,-0.10460010170936584,0.840094268321991,-0.014245780184864998
432,-23.791674,-2.6949315,0.22153224,1.0,-0.40303874,-0.11213329434394836,0.6220338940620422,0.016990182921290398,-0.10278402268886566,0.8416233062744141,-0.010751789435744286
433,-24.192215,-3.2187192,0.22166629,1.0,-0.409261,-0.1120816171169281,0.6218909621238708,0.018950732424855232,-0.10380320250988007,0.8414170742034912,-0.010641461238265038
434,-24.183077,-2.8437562,0.22174396,1.0,-0.40923372,-0.11442511528730392,0.6220340728759766,0.01527138240635395,-0.10667913407087326,0.841391921043396,-0.01623283140361309
435,-23.993176,-2.2559803,0.22178291,1.0,-0.40636474,-0.11772036552429199,0.6237511038780212,0.014754187315702438,-0.11170260608196259,0.8432741761207581,-0.016246847808361053
436,-23.224037,-1.7900686,0.22177143,1.0,-0.39416495,-0.11682356148958206,0.6260753273963928,0.011833244934678078,-0.1130167543888092,0.8459891676902771,-0.01655654050409794
437,-22.10006,-1.094732,0.22167028,1.0,-0.3761663,-0.1184086725115776,0.6290097832679749,0.011935412883758545,-0.11801949143409729,0.8494035601615906,-0.011816412210464478
438,-20.642595,-0.18375653,0.22149439,1.0,-0.35253584,-0.1205807626247406,0.6321181058883667,0.01975160278379917,-0.1220623105764389,0.8531439304351807,0.0054281894117593765
439,-20.998344,-0.097858205,0.22144581,1.0,-0.35834053,-0.1194959431886673,0.6303523778915405,0.022134555503726006,-0.12057824432849884,0.8512636423110962,0.006795348599553108
440,-21.88842,0.2499451,0.2215094,1.0,-0.37279722,-0.11090172827243805,0.626749575138092,0.02329518273472786,-0.10412269830703735,0.8476023077964783,0.007657833397388458
441,-21.957218,0.65225685,0.22150847,1.0,-0.37389335,-0.11084811389446259,0.6239787340164185,0.020381392911076546,-0.10253056138753891,0.8449485301971436,0.007374851033091545
442,-22.542906,0.73197514,0.22140768,1.0,-0.3833485,-0.11151543259620667,0.6192880868911743,0.028901483863592148,-0.10191236436367035,0.8403087854385376,0.02001357451081276
443,-22.483215,0.34824288,0.22128773,1.0,-0.38240677,-0.10915446281433105,0.6184293031692505,0.03215835988521576,-0.10092348605394363,0.8394837975502014,0.02620691806077957
444,-21.859877,0.0360919,0.2212366,1.0,-0.37233788,-0.11282562464475632,0.6181958913803101,0.023927198722958565,-0.10888402163982391,0.8393335938453674,0.018615052103996277
445,-21.679668,-0.26570836,0.2211781,1.0,-0.36941358,-0.11779424548149109,0.6183499693870544,0.01633593812584877,-0.11610666662454605,0.8394247889518738,0.009791618213057518
446,-21.23107,-0.8330355,0.22105585,1.0,-0.3620969,-0.12767672538757324,0.6181382536888123,0.013853487558662891,-0.13153408467769623,0.839084804058075,0.00807130802422762
447,-20.71583,-1.1448456,0.22094803,1.0,-0.35367155,-0.1359679251909256,0.6176978349685669,0.014885839074850082,-0.14564409852027893,0.8383723497390747,0.00967426784336567
448,-19.321983,-1.4715291,0.22086512,1.0,-0.3307793,-0.14519169926643372,0.6167628765106201,0.013143680989742279,-0.16379767656326294,0.8368220329284668,0.010112591087818146
449,-18.07932,-1.9380594,0.22084068,1.0,-0.3101729,-0.15227191150188446,0.6154055595397949,0.016148142516613007,-0.17873461544513702,0.8346548080444336,0.01645464077591896
450,-16.985216,-2.4269714,0.22083858,1.0,-0.29188526,-0.16047939658164978,0.6153230667114258,0.023567281663417816,-0.1941000372171402,0.8335509300231934,0.027558736503124237
451,-16.715548,-3.160594,0.2208315,1.0,-0.28721905,-0.1671091616153717,0.6109437942504883,0.019034363329410553,-0.20633989572525024,0.8282625675201416,0.018800873309373856
452,-17.004414,-3.304803,0.22088912,1.0,-0.29200053,-0.16528001427650452,0.6104886531829834,0.01077886950224638,-0.20445889234542847,0.8278247117996216,0.006082554347813129
453,-16.995647,-3.0635076,0.22096996,1.0,-0.29191697,-0.1641802191734314,0.6114360094070435,0.008458342403173447,-0.20409035682678223,0.8287073373794556,0.0031597111374139786
454,-16.953732,-2.7452977,0.22099653,1.0,-0.29129314,-0.16364450752735138,0.6111670732498169,0.0049733808264136314,-0.2034049928188324,0.8284912109375,-0.00039245467633008957
455,-16.570595,-2.0652702,0.22098757,1.0,-0.2850263,-0.16369986534118652,0.6132843494415283,-0.0011833449825644493,-0.20509442687034607,0.8303196430206299,-0.005387806333601475
456,-16.967438,-1.5568027,0.22102767,1.0,-0.29172963,-0.16792252659797668,0.6146758198738098,-0.010114959441125393,-0.20885777473449707,0.8316542506217957,-0.02000928670167923
457,-18.478485,-0.9647157,0.22111008,1.0,-0.31690812,-0.16284975409507751,0.6151231527328491,-0.030371466651558876,-0.19662021100521088,0.8325347900390625,-0.05231236293911934
458,-19.373358,-0.5284675,0.22115275,1.0,-0.33170998,-0.16062653064727783,0.6146197319030762,-0.029880017042160034,-0.18990224599838257,0.8324630260467529,-0.05428845062851906
459,-18.934977,0.39121813,0.22107539,1.0,-0.3244882,-0.1612941324710846,0.6201128959655762,-0.030719459056854248,-0.1887965202331543,0.8385831117630005,-0.05043522268533707
460,-20.284845,0.74049044,0.22117859,1.0,-0.3466621,-0.15718968212604523,0.617996096611023,-0.03114808350801468,-0.17872217297554016,0.8364990949630737,-0.05784566327929497
461,-20.029633,1.1370474,0.22122636,1.0,-0.3424466,-0.15403026342391968,0.6195956468582153,-0.03154473006725311,-0.17394396662712097,0.8386027812957764,-0.05563674867153168
462,-22.06741,1.2986083,0.2215884,1.0,-0.37561432,-0.14784938097000122,0.6163575053215027,-0.03965330123901367,-0.164420947432518,0.8337136507034302,-0.0794416293501854
463,-19.579437,1.8184016,0.22146429,1.0,-0.33496365,-0.1531093418598175,0.6229420304298401,-0.02931918017566204,-0.1758132129907608,0.8418911099433899,-0.053655680269002914
464,-19.080061,1.5265609,0.22153315,1.0,-0.3267854,-0.14741717278957367,0.620429277420044,-0.029224690049886703,-0.17115414142608643,0.8392307758331299,-0.05451099947094917
465,-18.957432,2.0046432,0.22168793,1.0,-0.32468772,-0.1424592286348343,0.6214170455932617,-0.0359656997025013,-0.16077743470668793,0.8407821655273438,-0.06221304461359978
466,-19.617287,2.243542,0.22176786,1.0,-0.33550745,-0.14207066595554352,0.6166446208953857,-0.03868972882628441,-0.15813203155994415,0.8355765342712402,-0.07018314301967621
467,-19.169067,3.1018915,0.22181758,1.0,-0.32792744,-0.13890652358531952,0.6202418804168701,-0.045583322644233704,-0.14774391055107117,0.8399972915649414,-0.07443638890981674
468,-19.180422,3.4044292,0.22184132,1.0,-0.3280266,-0.13286738097667694,0.6242596507072449,-0.04054892063140869,-0.13616788387298584,0.8444290161132812,-0.06753276288509369
469,-21.891663,2.6217878,0.22219343,1.0,-0.37251666,-0.11248365044593811,0.6218369007110596,-0.04445083439350128,-0.10235462337732315,0.8399567008018494,-0.08557348698377609
470,-21.950058,3.142924,0.22223535,1.0,-0.37331447,-0.10333151370286942,0.6249192953109741,-0.03675980865955353,-0.08542503416538239,0.8437402248382568,-0.07118818163871765
471,-21.327272,3.3755567,0.22212774,1.0,-0.36314696,-0.10465000569820404,0.6284192204475403,-0.035346996039152145,-0.08764806389808655,0.8480911254882812,-0.06355905532836914
472,-21.840433,2.4241755,0.22211461,1.0,-0.37173608,-0.10336758196353912,0.6301240921020508,-0.04670368507504463,-0.08755505084991455,0.8488887548446655,-0.08173060417175293
473,-22.022202,1.812636,0.2220899,1.0,-0.37480462,-0.0996856838464737,0.628974199295044,-0.056672774255275726,-0.08471261709928513,0.8468843698501587,-0.09685847908258438
474,-21.80887,1.4749589,0.22194324,1.0,-0.37140545,-0.0992196649312973,0.6280381679534912,-0.06836364418268204,-0.08531543612480164,0.8453377485275269,-0.11133304238319397
475,-23.182508,1.4279135,0.22198863,1.0,-0.39355803,-0.10137401521205902,0.6246170401573181,-0.06894923001527786,-0.08795174211263657,0.839559018611908,-0.12278921157121658
476,-23.770168,1.0842156,0.22198904,1.0,-0.40300843,-0.09705273807048798,0.6239012479782104,-0.05741199105978012,-0.08294394612312317,0.8392250537872314,-0.10952465981245041
477,-23.66158,0.31591284,0.22189231,1.0,-0.40132856,-0.095547616481781,0.6210100650787354,-0.07211548835039139,-0.08173856139183044,0.8362810611724854,-0.12411461025476456
478,-22.887383,-0.80741096,0.22180027,1.0,-0.3888883,-0.09418661147356033,0.6211020946502686,-0.07338947057723999,-0.08614472299814224,0.8367790579795837,-0.12451809644699097
479,-24.475006,-1.47407,0.22239439,1.0,-0.4141827,-0.08911392092704773,0.6190868616104126,-0.08768156915903091,-0.07946902513504028,0.8292129039764404,-0.15988466143608093
480,-21.82255,-2.8752127,0.22232427,1.0,-0.37132987,-0.08019396662712097,0.6245591044425964,-0.07180437445640564,-0.07627102732658386,0.8407849073410034,-0.12337077409029007
481,-19.885628,-4.8420925,0.22227293,1.0,-0.33906955,-0.08503967523574829,0.6282432079315186,-0.07041816413402557,-0.09241491556167603,0.8457671403884888,-0.11552024632692337
482,-18.022078,-4.871272,0.22201817,1.0,-0.30837244,-0.08951430767774582,0.6306436061859131,-0.06187644600868225,-0.10105758905410767,0.8499253988265991,-0.0946531668305397
483,-18.245728,-4.120329,0.22206423,1.0,-0.3123628,-0.08780050277709961,0.6325069069862366,-0.061501968652009964,-0.09559670090675354,0.8519273996353149,-0.0947643369436264
484,-18.439102,-3.2021446,0.22217236,1.0,-0.315852,-0.0827525183558464,0.6335030794143677,-0.0605795681476593,-0.0856163278222084,0.853284478187561,-0.09295997023582458
485,-17.191961,-1.7898188,0.22223975,1.0,-0.29544243,-0.0811220183968544,0.6385412216186523,-0.06391118466854095,-0.08392644673585892,0.8593990802764893,-0.0884966254234314
486,-16.490868,-0.6987055,0.2223534,1.0,-0.28384313,-0.08196264505386353,0.6413779258728027,-0.056383583694696426,-0.08432086557149887,0.8630048036575317,-0.07418812811374664
487,-16.397,0.10792827,0.22253656,1.0,-0.28229076,-0.08394235372543335,0.6416687369346619,-0.05485323444008827,-0.08473998308181763,0.8635809421539307,-0.07149231433868408
488,-18.053297,0.6183862,0.22277552,1.0,-0.30988523,-0.08859609812498093,0.6369984745979309,-0.05505874380469322,-0.08391805738210678,0.8584297299385071,-0.07904302328824997
489,-16.359888,2.17837,0.22280689,1.0,-0.28148237,-0.0997551679611206,0.6423308849334717,-0.04706091061234474,-0.10115836560726166,0.8649123907089233,-0.05698122829198837
490,-16.36756,2.8138297,0.22290224,1.0,-0.28148547,-0.10436360538005829,0.642607569694519,-0.04637842997908592,-0.1061750203371048,0.8653140068054199,-0.05554215610027313
491,-16.822878,3.363962,0.22301175,1.0,-0.28895703,-0.10474035143852234,0.6438933610916138,-0.04411029443144798,-0.104175865650177,0.8667407035827637,-0.05265342816710472
492,-16.797,3.7159536,0.22310184,1.0,-0.28842473,-0.10438976436853409,0.6444451212882996,-0.047621019184589386,-0.10306224226951599,0.8673766255378723,-0.056235507130622864
493,-16.927944,4.1458454,0.22319476,1.0,-0.29047126,-0.10302461683750153,0.6440987586975098,-0.04024588316679001,-0.0995045155286789,0.8672024011611938,-0.04556317254900932
494,-17.201681,4.4474773,0.22325015,1.0,-0.29492313,-0.10147206485271454,0.6432031393051147,-0.03844717890024185,-0.09595755487680435,0.8663262128829956,-0.043577130883932114
495,-17.364073,4.825068,0.22331852,1.0,-0.2974785,-0.100641630589962,0.6431362628936768,-0.034122172743082047,-0.09340084344148636,0.866310715675354,-0.03757113963365555
496,-17.548946,5.1279554,0.2233796,1.0,-0.30042276,-0.10012118518352509,0.6436165571212769,-0.027890056371688843,-0.09177029132843018,0.8668389320373535,-0.028582122176885605
497,-17.436676,5.487892,0.22344033,1.0,-0.29840067,-0.1007697805762291,0.6429536938667297,-0.01582999899983406,-0.091748908162117,0.8661785125732422,-0.011971534229815006
498,-17.809286,4.8504624,0.22339725,1.0,-0.30485627,-0.1032709926366806,0.6438831090927124,-0.011972923763096333,-0.09524727612733841,0.8671361207962036,-0.01175136398524046
