frame,trunk_angle,trunk_length,forward_lean,lumbar_x,lumbar_y,lumbar_z,cervical_x,cervical_y,cervical_z
0,43.70522938146637,0.5736696,False,0.0918792188167572,0.11515083909034729,-0.04606376960873604,-0.23286297917366028,0.5298589468002319,-0.2733445465564728
1,45.6439392509316,0.57388556,False,0.09108760207891464,0.12303635478019714,-0.04700426012277603,-0.23328924179077148,0.524248480796814,-0.2983070909976959
2,50.41325093149826,0.5793981,False,0.08387794345617294,0.1367579698562622,-0.04403340816497803,-0.2129453718662262,0.5059769749641418,-0.3776130974292755
3,49.65762576417515,0.5812308,False,0.08290477097034454,0.1417725682258606,-0.028041556477546692,-0.20473088324069977,0.5180344581604004,-0.36497169733047485
4,47.64619618953216,0.5844388,False,0.07992193102836609,0.14052292704582214,-0.01818355917930603,-0.20460626482963562,0.5342633128166199,-0.34311574697494507
5,45.74480428054982,0.58614624,False,0.073333740234375,0.13924172520637512,-0.0099555104970932,-0.18685881793498993,0.548287034034729,-0.3394235372543335
6,45.87767938406686,0.5891001,False,0.0725395679473877,0.1465643346309662,-0.0032852068543434143,-0.1892622411251068,0.5566914081573486,-0.3353913724422455
7,43.64024479825796,0.58841634,False,0.07333752512931824,0.1401653289794922,-0.0106000155210495,-0.1689831167459488,0.5659947395324707,-0.3364585340023041
8,43.42167251686576,0.5922474,False,0.07028849422931671,0.1405753493309021,-0.007794603705406189,-0.1764228343963623,0.570733368396759,-0.3316071927547455
9,44.32420689425805,0.5995492,False,0.07132527232170105,0.1426560878753662,-0.0037998929619789124,-0.1764865517616272,0.5715721249580383,-0.34155651926994324
10,45.742968535000266,0.6044818,False,0.065213143825531,0.14531740546226501,-0.002719886600971222,-0.1846354603767395,0.5671721696853638,-0.3562909662723541
11,46.79269431095953,0.61031264,False,0.06354697048664093,0.14984148740768433,0.0017823278903961182,-0.18126027286052704,0.5676859617233276,-0.36964327096939087
12,48.632148408131656,0.61865616,False,0.07071526348590851,0.15127015113830566,0.004892416298389435,-0.18762117624282837,0.5601343512535095,-0.3808896541595459
13,50.313543866916234,0.6243052,False,0.07116883993148804,0.15286681056022644,0.010134853422641754,-0.18438118696212769,0.5515393018722534,-0.3966961205005646
14,51.42127236055839,0.6264527,False,0.07324626296758652,0.15290266275405884,0.008181728422641754,-0.19551342725753784,0.5435519218444824,-0.4012133479118347
15,54.02028971493292,0.62945795,False,0.06908883899450302,0.1532800793647766,0.01070936769247055,-0.20865824818611145,0.5230858325958252,-0.4162772595882416
16,56.130043665593675,0.6283721,False,0.07566037774085999,0.15494704246520996,0.007593519985675812,-0.20878241956233978,0.5051449537277222,-0.4297909438610077
17,58.004373057288205,0.6340009,False,0.06976530700922012,0.15994012355804443,0.01837994158267975,-0.2258586585521698,0.49586838483810425,-0.430747926235199
18,58.76245060808277,0.6280823,False,0.06832297146320343,0.16490799188613892,0.01939251273870468,-0.21879088878631592,0.4906235933303833,-0.43443816900253296
19,57.78148730222996,0.6222125,False,0.07013031840324402,0.16513583064079285,0.01761338859796524,-0.21311402320861816,0.49686822295188904,-0.4260922372341156
20,57.688540175642586,0.61832875,False,0.0708288922905922,0.16077694296836853,0.01246795803308487,-0.20466570556163788,0.49128690361976624,-0.4315999746322632
21,58.919354416633645,0.61735326,False,0.07364170998334885,0.15493544936180115,0.0073561593890190125,-0.20162463188171387,0.47364041209220886,-0.44406449794769287
22,58.92041110878806,0.6146355,False,0.07565842568874359,0.15446504950523376,0.003729499876499176,-0.19708451628684998,0.47175726294517517,-0.4465079605579376
23,59.282998779559755,0.6149927,False,0.07447704672813416,0.1512289047241211,0.001473851501941681,-0.19535037875175476,0.4653659462928772,-0.4531986117362976
24,59.90746804613984,0.6141006,False,0.07359601557254791,0.1501833200454712,-0.0013794898986816406,-0.18915341794490814,0.4580920934677124,-0.4631959795951843
25,60.373356572399565,0.61246973,False,0.07258070260286331,0.1508214771747589,0.0016118213534355164,-0.18031054735183716,0.45359352231025696,-0.4668903648853302
26,61.148166562482494,0.6123446,False,0.07017114013433456,0.15174072980880737,0.003597419708967209,-0.1725313365459442,0.44722533226013184,-0.4746810495853424
27,63.244417281315094,0.6148632,False,0.06712484359741211,0.15391674637794495,0.003390226513147354,-0.17265698313713074,0.4307192265987396,-0.49051448702812195
28,64.88464582601378,0.6143324,False,0.06301841884851456,0.1546633541584015,0.0017867200076580048,-0.1705498844385147,0.4154118597507477,-0.5030502676963806
29,67.09837087040552,0.61379206,False,0.06144087016582489,0.15285131335258484,-0.006425969302654266,-0.16619159281253815,0.3917085826396942,-0.5239888429641724
30,68.3944779947558,0.6134586,False,0.060282155871391296,0.1513735055923462,-0.012286141514778137,-0.1653440147638321,0.37725764513015747,-0.5361186861991882
31,68.88719937708976,0.6119592,False,0.059283625334501266,0.1503957211971283,-0.0140763521194458,-0.16166919469833374,0.3708266317844391,-0.5404641628265381
32,69.30502084310399,0.6112281,False,0.05823624134063721,0.1505914032459259,-0.0175720676779747,-0.15989908576011658,0.366595059633255,-0.5461164712905884
33,69.94025699407558,0.6047456,False,0.059254564344882965,0.15429523587226868,-0.02475263923406601,-0.14834481477737427,0.361722856760025,-0.5535187125205994
34,70.58598581127254,0.603695,False,0.06074044108390808,0.15613099932670593,-0.030819006264209747,-0.14269793033599854,0.3567942678928375,-0.5626034736633301
35,69.53003773018813,0.59726375,False,0.06725221872329712,0.1561005413532257,-0.035138167440891266,-0.14299502968788147,0.36497339606285095,-0.5536863803863525
36,68.90844717401116,0.5960591,False,0.06633016467094421,0.14918383955955505,-0.03368512541055679,-0.1386253535747528,0.36368122696876526,-0.5506672859191895
37,69.58182650611464,0.59588784,False,0.06556739658117294,0.14618182182312012,-0.02703467756509781,-0.12900780141353607,0.3540688157081604,-0.5504903197288513
38,70.1965345462383,0.59940124,False,0.05882501229643822,0.14411821961402893,-0.021060816943645477,-0.1254611760377884,0.34719225764274597,-0.5540536642074585
39,69.93028409048274,0.6075428,False,0.05558263882994652,0.14235761761665344,-0.015608064830303192,-0.13788563013076782,0.35084399580955505,-0.5524616241455078
40,71.64273061631496,0.6126662,False,0.0545780286192894,0.1362878680229187,-0.006492398679256439,-0.14250381290912628,0.3292417526245117,-0.5535640716552734
41,73.23820922045907,0.60638815,False,0.04833589494228363,0.1504964828491211,-0.0017115399241447449,-0.13079950213432312,0.3253747820854187,-0.5540109872817993
42,74.71973305606274,0.60313517,False,0.04663677513599396,0.1551705300807953,-0.008256226778030396,-0.11709132790565491,0.314121276140213,-0.5665570497512817
43,74.21225859245422,0.60399586,False,0.04240631312131882,0.15161937475204468,-0.003018416464328766,-0.1072949767112732,0.3159511685371399,-0.5646193623542786
44,74.43119603372693,0.61293465,False,0.0343845933675766,0.13958656787872314,0.009852126240730286,-0.09198955446481705,0.30409538745880127,-0.5669106841087341
45,77.13978076676494,0.61120814,False,0.04070402309298515,0.1529671847820282,-0.003988966345787048,-0.08783261477947235,0.2890057861804962,-0.5858371257781982
46,76.29926879986648,0.6207981,False,0.04259849712252617,0.12748482823371887,0.012913867831230164,-0.07963889837265015,0.27452120184898376,-0.5777032971382141
47,77.62637825525348,0.62410825,False,0.05156555771827698,0.12952125072479248,0.01646231859922409,-0.07389068603515625,0.263258695602417,-0.5800995826721191
48,82.64797883425643,0.6332008,False,0.039786141365766525,0.128117173910141,0.03433453291654587,-0.0642465204000473,0.20914480090141296,-0.5849836468696594
49,87.48123102738637,0.6329193,False,0.041838638484478,0.1421017050743103,0.03532489389181137,-0.06260251998901367,0.16991639137268066,-0.5882977843284607
50,89.53611281609157,0.62992114,False,0.04687851667404175,0.14617571234703064,0.03196198493242264,-0.058418817818164825,0.15127572417259216,-0.5890751481056213
51,90.53262230079669,0.62608135,False,0.052300021052360535,0.1495998501777649,0.03147103637456894,-0.05670803785324097,0.14377987384796143,-0.5850200653076172
52,90.76562386491003,0.62248665,False,0.054775990545749664,0.15716084837913513,0.037272680550813675,-0.053168296813964844,0.14884302020072937,-0.5757268667221069
53,90.99588212023703,0.6236754,False,0.05634039640426636,0.15801233053207397,0.042302973568439484,-0.056031666696071625,0.14717251062393188,-0.5710697174072266
54,91.90404197872566,0.6213968,False,0.05931975692510605,0.14933353662490845,0.03657316043972969,-0.06748136878013611,0.12868720293045044,-0.5713981986045837
55,90.29657016577103,0.61994046,False,0.05779480189085007,0.14745891094207764,0.03824213147163391,-0.05809617415070534,0.1442500352859497,-0.5707613229751587
56,89.80749163649426,0.6155785,False,0.06255719810724258,0.14774227142333984,0.03391315042972565,-0.0593951977789402,0.1498105525970459,-0.5694608688354492
57,90.03088044733123,0.6120097,False,0.06869661062955856,0.15382897853851318,0.029963500797748566,-0.0700753852725029,0.15349912643432617,-0.5661053657531738
58,90.79125582194013,0.60736865,False,0.07435035705566406,0.16828617453575134,0.0295565128326416,-0.07903234660625458,0.15989866852760315,-0.5580658912658691
59,89.86533896127989,0.6043581,False,0.07832600921392441,0.16839545965194702,0.031123988330364227,-0.080159991979599,0.16981586813926697,-0.5520816445350647
60,88.88620987971228,0.6012676,False,0.08057750761508942,0.16490209102630615,0.03189835697412491,-0.07770975679159164,0.17658957839012146,-0.548042356967926
61,87.28251707591274,0.599324,False,0.08530834317207336,0.16362369060516357,0.029126226902008057,-0.06336762011051178,0.1920383870601654,-0.5507679581642151
62,86.17722188359386,0.5988387,False,0.08418256044387817,0.15694671869277954,0.026419922709465027,-0.05054657161235809,0.19687163829803467,-0.5556984543800354
63,85.05074341009319,0.60176665,False,0.08711002767086029,0.14876508712768555,0.030747927725315094,-0.04172984138131142,0.20068156719207764,-0.5547672510147095
64,84.52475556023155,0.60360783,False,0.0946395993232727,0.14412635564804077,0.033484749495983124,-0.04169159382581711,0.2017199993133545,-0.5516983270645142
65,83.67520116902078,0.6047038,False,0.09573833644390106,0.14604896306991577,0.0355631560087204,-0.03339049220085144,0.212665855884552,-0.5514245629310608
66,81.85266876432324,0.6068385,False,0.09685159474611282,0.14830943942070007,0.03947354108095169,-0.017906077206134796,0.23431000113487244,-0.5501768589019775
67,79.6025570168265,0.6082053,False,0.09975478798151016,0.1459343433380127,0.046001821756362915,-0.0047916327603161335,0.25570034980773926,-0.5430102348327637
68,76.1289250632808,0.61004734,False,0.10005015134811401,0.13599351048469543,0.05640683323144913,-0.0001781000755727291,0.282245010137558,-0.5273075699806213
69,74.87853294367092,0.6123989,False,0.09746795147657394,0.12826800346374512,0.06205959618091583,-0.005790005903691053,0.2880221903324127,-0.520047664642334
70,75.1256261421121,0.6126868,False,0.09507807344198227,0.12226450443267822,0.059768758714199066,-0.008737132884562016,0.279541552066803,-0.523216187953949
71,74.97829237666224,0.6134411,False,0.09317371994256973,0.11898186802864075,0.061264149844646454,-0.01062157191336155,0.2779766023159027,-0.5220515131950378
72,75.80300134387078,0.61295354,False,0.08933743089437485,0.12176930904388428,0.0590425580739975,-0.01412500161677599,0.27210021018981934,-0.5261139869689941
73,77.18526087418937,0.6093198,False,0.08477188646793365,0.1286633014678955,0.05426058918237686,-0.0136888911947608,0.26381003856658936,-0.5316672325134277
74,76.23656925737835,0.60877395,False,0.08662452548742294,0.12551414966583252,0.05448833853006363,-0.015028134919703007,0.27034974098205566,-0.5280020833015442
75,75.76474793027226,0.6095843,False,0.0892396867275238,0.12332215905189514,0.0564742311835289,-0.012997860088944435,0.2732212543487549,-0.5254800319671631
76,75.87135136537204,0.61055195,False,0.09071239829063416,0.12096041440963745,0.05724227428436279,-0.014803796075284481,0.26999610662460327,-0.5253625512123108
77,75.76276431516234,0.6109224,False,0.09174489974975586,0.1195794939994812,0.05872975289821625,-0.016442323103547096,0.2698281407356262,-0.5234618186950684
78,74.73560693024315,0.60990506,False,0.09349974989891052,0.12380799651145935,0.05685514211654663,-0.014049933291971684,0.28437986969947815,-0.5216203927993774
79,74.76737585592905,0.61169267,False,0.09440665692090988,0.12187865376472473,0.058948926627635956,-0.01587711274623871,0.2825939357280731,-0.5208579301834106
80,74.77971931106788,0.6123198,False,0.09460145235061646,0.11748063564300537,0.05779757350683212,-0.019964464008808136,0.2782334089279175,-0.5218305587768555
81,74.3302951590449,0.61272174,False,0.09512759000062943,0.11595273017883301,0.05878646671772003,-0.02197016030550003,0.28144359588623047,-0.5194253325462341
82,74.14148852128963,0.6129142,False,0.09450196474790573,0.11608964204788208,0.059077367186546326,-0.02369365096092224,0.28357625007629395,-0.5185400247573853
83,74.02276083193993,0.6142413,False,0.0944550484418869,0.11346974968910217,0.06238963454961777,-0.028066422790288925,0.28254303336143494,-0.5152738690376282
84,74.1583247271581,0.6143978,False,0.09383013099431992,0.1137155294418335,0.06433383375406265,-0.030341897159814835,0.2814338803291321,-0.5135385394096375
85,74.16955636714516,0.6139924,False,0.09738124161958694,0.11419999599456787,0.06362159550189972,-0.03372718393802643,0.28169187903404236,-0.5123503804206848
86,74.14573808733479,0.6144982,False,0.10118161886930466,0.1111704409122467,0.0585925355553627,-0.04061049968004227,0.27904605865478516,-0.5152722597122192
87,74.55362938544795,0.6149807,False,0.10420972853899002,0.11044847965240479,0.05063939094543457,-0.048764657229185104,0.2742401659488678,-0.5220493078231812
88,74.63923002685061,0.6168759,False,0.10336624830961227,0.10996037721633911,0.053222283720970154,-0.05266352742910385,0.27336829900741577,-0.5207884907722473
89,74.73798047395005,0.6174715,False,0.10231790691614151,0.11072835326194763,0.053462497889995575,-0.05396062880754471,0.27326759696006775,-0.5213671326637268
90,74.77925213110457,0.6179397,False,0.10231368243694305,0.11107638478279114,0.05276292562484741,-0.05602399632334709,0.2733094096183777,-0.5220928192138672
91,74.90336355830392,0.6184949,False,0.10263378918170929,0.1102365255355835,0.052266925573349,-0.056053146719932556,0.27132219076156616,-0.5234116315841675
92,75.15796229976175,0.6190966,False,0.10024142265319824,0.11138883233070374,0.056239448487758636,-0.057122357189655304,0.2699735462665558,-0.5211409330368042
93,76.23863668763696,0.61885065,False,0.09596627205610275,0.11489403247833252,0.06070403754711151,-0.062153615057468414,0.2621053159236908,-0.5192123651504517
94,76.7529505049331,0.6190464,False,0.09581003338098526,0.11851105093955994,0.06401907652616501,-0.06456904858350754,0.26036569476127625,-0.5168201327323914
95,77.07183333604401,0.6189501,False,0.09421633183956146,0.1193629801273346,0.0652598887681961,-0.06729128956794739,0.25784024596214294,-0.515978991985321
96,77.30767791134107,0.61902565,False,0.09316869080066681,0.12017926573753357,0.06721092760562897,-0.07030242681503296,0.2561887800693512,-0.5141421556472778
97,78.20772303801611,0.6191066,False,0.0908995196223259,0.12412092089653015,0.06771686673164368,-0.0774792805314064,0.25064408779144287,-0.5144630670547485
98,78.90869642763884,0.61927456,False,0.09115707129240036,0.12793472409248352,0.06623094528913498,-0.08451494574546814,0.2470664381980896,-0.5155318379402161
99,79.48178145796012,0.6198702,False,0.09032001346349716,0.12972787022590637,0.06479126214981079,-0.09026981145143509,0.24288403987884521,-0.5172929763793945
100,80.49157485930725,0.61930346,False,0.0944158062338829,0.1341591477394104,0.05994309112429619,-0.10247844457626343,0.2364635169506073,-0.518246591091156
101,81.31807516037155,0.61787987,False,0.0966179147362709,0.13634398579597473,0.05419318750500679,-0.11063747107982635,0.2296123206615448,-0.5203689932823181
102,83.04877142152739,0.6188649,False,0.09185922145843506,0.13846522569656372,0.053729794919490814,-0.1282206028699875,0.21336299180984497,-0.5198109149932861
103,86.33902058150595,0.61595064,False,0.08311338722705841,0.14021936058998108,0.04569271206855774,-0.1627315729856491,0.1795494556427002,-0.5176975131034851
104,89.76887132116401,0.6167849,False,0.0858738049864769,0.1289125382900238,0.035379014909267426,-0.1917819082736969,0.13140061497688293,-0.5153701901435852
105,93.00859516689466,0.61121553,False,0.0816705971956253,0.12375518679618835,0.027487464249134064,-0.20038247108459473,0.09167507290840149,-0.51380854845047
106,96.12580165783656,0.6025456,False,0.07544787973165512,0.13847729563713074,0.018346931785345078,-0.1902042180299759,0.074178546667099,-0.5186408758163452
107,94.51125568825535,0.6068274,False,0.061160434037446976,0.15343353152275085,0.031048130244016647,-0.166487455368042,0.10570356249809265,-0.5294318199157715
108,95.00299929753712,0.6120973,False,0.06834602355957031,0.1480933427810669,0.0342576801776886,-0.16648021340370178,0.09471362829208374,-0.5284770727157593
109,99.48395534706682,0.6096059,False,0.06608811020851135,0.14925327897071838,0.017459671944379807,-0.1627120077610016,0.04880765080451965,-0.5385803580284119
110,101.34909054398263,0.6146298,False,0.05967627093195915,0.14843487739562988,0.01178042683750391,-0.16160495579242706,0.02748417854309082,-0.5487329959869385
111,103.85076211205086,0.6218321,False,0.06066039577126503,0.15015438199043274,0.007824627682566643,-0.176862895488739,0.0012916624546051025,-0.5472409129142761
112,106.77214321529719,0.62799895,False,0.0694572925567627,0.1557987630367279,0.024014610797166824,-0.1947818398475647,-0.025420576333999634,-0.5160964131355286
113,109.55872234887514,0.63008803,False,0.07536644488573074,0.15624508261680603,0.0401044525206089,-0.21238519251346588,-0.05469125509262085,-0.4792371690273285
114,113.57978670461141,0.6258288,False,0.08216553926467896,0.15980610251426697,0.04636714980006218,-0.22715681791305542,-0.09054151177406311,-0.43665197491645813
115,115.89829370365601,0.618363,False,0.08401831239461899,0.16517412662506104,0.046586811542510986,-0.2239375114440918,-0.10491138696670532,-0.4166516363620758
116,117.00617613292698,0.60947144,False,0.08857280015945435,0.16454318165779114,0.040742941200733185,-0.23046131432056427,-0.11220957338809967,-0.3986664414405823
117,118.91537092380177,0.60265964,False,0.08135626465082169,0.16767242550849915,0.03411511704325676,-0.22469380497932434,-0.12372389435768127,-0.3955594003200531
118,119.76468118367414,0.59211546,False,0.08279179036617279,0.16834571957588196,0.04505631700158119,-0.21933513879776,-0.12560348212718964,-0.3707728981971741
119,120.50844370521357,0.5847132,False,0.07848599553108215,0.17409491539001465,0.047339558601379395,-0.21207402646541595,-0.12274374067783356,-0.3641835153102875
120,117.08075775930263,0.5841366,False,0.07648758590221405,0.1808287501335144,0.04397380352020264,-0.21649640798568726,-0.0850970447063446,-0.3857463598251343
121,110.12074653218401,0.588744,False,0.06208743155002594,0.19675666093826294,0.036254893988370895,-0.22902807593345642,-0.0057711005210876465,-0.433695912361145
122,103.51756380331653,0.5893965,False,0.05281628668308258,0.1740904450416565,0.04779087007045746,-0.26056960225105286,0.03632289171218872,-0.43199828267097473
123,101.11197433551531,0.59397686,False,0.06018027663230896,0.19069966673851013,0.04279511421918869,-0.2789295017719269,0.07622426748275757,-0.43123912811279297
124,94.25412647037851,0.59283996,False,0.08064030855894089,0.1667293906211853,0.03311264514923096,-0.31327566504478455,0.12275233864784241,-0.4077449440956116
125,92.30059555403776,0.59338593,False,0.08295980840921402,0.1456766426563263,0.027371831238269806,-0.3109898269176483,0.12185683846473694,-0.4157344102859497
126,90.58755960564454,0.5929211,False,0.06524494290351868,0.1276755928993225,0.04670193791389465,-0.3176323473453522,0.12159538269042969,-0.40598273277282715
127,91.71327411575794,0.5950971,False,0.06150105223059654,0.13511201739311218,0.045825764536857605,-0.3254329264163971,0.11731991171836853,-0.40595531463623047
128,91.1645238018317,0.5982424,False,0.07832863926887512,0.15133792161941528,0.028229810297489166,-0.3435221314430237,0.13917961716651917,-0.395784467458725
129,90.2291200267295,0.59958076,False,0.07657140493392944,0.15190568566322327,0.006913024932146072,-0.348769873380661,0.1495080292224884,-0.41566964983940125
130,86.95776451380208,0.60241234,False,0.0685504823923111,0.14617446064949036,-0.016416609287261963,-0.3728734850883484,0.17814573645591736,-0.42510148882865906
131,85.83529996772195,0.6063012,False,0.05239703878760338,0.13877394795417786,-0.008527375757694244,-0.36971765756607056,0.18280580639839172,-0.44151875376701355
132,84.17470136300712,0.6097325,False,0.046502139419317245,0.13476014137268066,-0.01640871912240982,-0.3940107524394989,0.19664528965950012,-0.43341273069381714
133,81.6040606274398,0.6109652,False,0.04088953882455826,0.13015449047088623,-0.018009059131145477,-0.40779757499694824,0.21936330199241638,-0.42297840118408203
134,79.57190460730514,0.61129516,False,0.040829915553331375,0.13512879610061646,-0.015216730535030365,-0.4269012212753296,0.24577409029006958,-0.3929296135902405
135,78.47688579378482,0.610534,False,0.04136880487203598,0.14059966802597046,-0.011603590101003647,-0.42335429787635803,0.2625619173049927,-0.3883122503757477
136,77.76889981710181,0.6096529,False,0.039584316313266754,0.14620864391326904,-0.009180646389722824,-0.40674883127212524,0.2753668427467346,-0.4038722515106201
137,75.84122540383164,0.6086682,False,0.041609376668930054,0.14734667539596558,-0.008535828441381454,-0.39440906047821045,0.2962328791618347,-0.40627673268318176
138,71.11407183475445,0.6053344,False,0.048429347574710846,0.14527910947799683,0.0004226081073284149,-0.391373872756958,0.3412168025970459,-0.366471529006958
139,68.24521328312683,0.6035363,False,0.05175648629665375,0.1415342092514038,0.00698833167552948,-0.3845663070678711,0.3652259111404419,-0.3449214696884155
140,65.13538964859302,0.60312176,False,0.053500305861234665,0.13491734862327576,0.008795000612735748,-0.37694135308265686,0.38851526379585266,-0.3290865421295166
141,61.31963010371602,0.6021074,False,0.057353902608156204,0.13080912828445435,0.012863915413618088,-0.36177659034729004,0.41977429389953613,-0.30863580107688904
142,58.79372360492426,0.59859765,False,0.055224351584911346,0.12446081638336182,0.015764035284519196,-0.3334546983242035,0.4346066415309906,-0.31748858094215393
143,55.56589418739303,0.5975928,False,0.05147615820169449,0.13705873489379883,0.01858063042163849,-0.30319738388061523,0.47497236728668213,-0.32367396354675293
144,52.38433089159532,0.5935513,False,0.06051784008741379,0.13829463720321655,0.021853819489479065,-0.2740372121334076,0.5005756616592407,-0.30849215388298035
145,47.72123740442842,0.5872384,False,0.0663544237613678,0.13594871759414673,0.028501320630311966,-0.25554290413856506,0.5310064554214478,-0.2633211612701416
146,46.74124105807179,0.58039355,False,0.06818698346614838,0.14141321182250977,0.023463714867830276,-0.23616555333137512,0.5391536355018616,-0.2698429226875305
147,43.842827208502015,0.5713989,False,0.07393821328878403,0.15082356333732605,0.022368188947439194,-0.20140984654426575,0.5629408359527588,-0.26195478439331055
148,42.43444719375805,0.5720843,False,0.07209387421607971,0.14935535192489624,0.01936863362789154,-0.20226845145225525,0.5715820789337158,-0.25216466188430786
149,41.368000400102595,0.5749636,False,0.07497025281190872,0.14804863929748535,0.01933768391609192,-0.19717979431152344,0.5795475244522095,-0.2458532303571701
150,40.896092665370354,0.5781417,False,0.07123316824436188,0.14832869172096252,0.013631358742713928,-0.20231544971466064,0.5853449106216431,-0.24797099828720093
151,40.243482548459674,0.5829454,False,0.0727129578590393,0.14593470096588135,0.008155778050422668,-0.2087664008140564,0.5909004211425781,-0.2420445829629898
152,38.060918366398006,0.58615744,False,0.0747513622045517,0.14059168100357056,-0.005502790212631226,-0.2142976075410843,0.6021060943603516,-0.22237996757030487
153,37.40895988751806,0.59175813,False,0.0812450498342514,0.1388455629348755,-0.007271643728017807,-0.2243991494178772,0.6088906526565552,-0.19652524590492249
154,36.23918297672965,0.599273,False,0.09728793054819107,0.1339634358882904,-0.03190410137176514,-0.22097375988960266,0.6173108220100403,-0.1875092089176178
155,36.99459998285772,0.59971094,False,0.10268354415893555,0.1261003017425537,-0.04604398459196091,-0.22220805287361145,0.6050847768783569,-0.20311889052391052
156,36.97733773666659,0.6012103,False,0.1032448410987854,0.11439493298530579,-0.044931549578905106,-0.22707392275333405,0.5946859121322632,-0.19211821258068085
157,36.671733680446934,0.60694957,False,0.10385139286518097,0.10324478149414062,-0.047808002680540085,-0.2398241013288498,0.5900610685348511,-0.16306786239147186
158,35.80835874909962,0.600591,False,0.09400168806314468,0.10569345951080322,-0.03249263018369675,-0.23804304003715515,0.5927598476409912,-0.14748018980026245
159,36.846844126359436,0.60292023,False,0.10094349831342697,0.10521376132965088,-0.04212677478790283,-0.24080023169517517,0.5876954793930054,-0.16017507016658783
160,38.43853266667392,0.6052575,False,0.10754138231277466,0.10968288779258728,-0.04321175813674927,-0.24681627750396729,0.5837662816047668,-0.1697511374950409
161,41.161968638529956,0.60749054,False,0.11278355866670609,0.10449188947677612,-0.05013637617230415,-0.2613460123538971,0.5618423223495483,-0.19121234118938446
162,44.03616767827968,0.61199695,False,0.11345910280942917,0.0984984040260315,-0.07038474082946777,-0.28404295444488525,0.5384637117385864,-0.2219199538230896
163,44.57132955271729,0.60885024,False,0.09247259795665741,0.0872715413570404,-0.08402304351329803,-0.3082495331764221,0.5210026502609253,-0.23233935236930847
164,46.116710514991816,0.6058242,False,0.08142642676830292,0.08383265137672424,-0.08795986324548721,-0.33039534091949463,0.5037848949432373,-0.23310069739818573
165,51.722980572961546,0.6040132,False,0.07666261494159698,0.07092669606208801,-0.09739015251398087,-0.35267722606658936,0.44509124755859375,-0.29863667488098145
166,54.6651785635015,0.60688376,False,0.06742022931575775,0.07337614893913269,-0.10237974673509598,-0.39428192377090454,0.4243695139884949,-0.28110480308532715
167,56.31224737300451,0.60789555,False,0.05549760162830353,0.08591923117637634,-0.09377075731754303,-0.43839573860168457,0.4230985939502716,-0.20293334126472473
168,60.48198399940815,0.6093682,False,0.038017965853214264,0.09872522950172424,-0.08340957015752792,-0.4919261634349823,0.3989592492580414,-0.10207363963127136
169,66.78566838209667,0.6050819,False,0.03097555786371231,0.1086793839931488,-0.08068666607141495,-0.5234895348548889,0.3471856117248535,-0.12319880723953247
170,70.0467000364282,0.60323244,False,0.028442226350307465,0.10996076464653015,-0.08548351377248764,-0.5384377837181091,0.31581631302833557,-0.09812992066144943
171,72.50455171277869,0.6004439,False,0.027541890740394592,0.11353418231010437,-0.08019326627254486,-0.5451258420944214,0.29404565691947937,-0.08059611171483994
172,74.52674991580128,0.59951377,True,0.029141679406166077,0.11337518692016602,-0.08279358595609665,-0.5486235618591309,0.2733185291290283,-0.07807892560958862
173,74.83545140787346,0.5995764,True,0.022465430200099945,0.11040282249450684,-0.07884186506271362,-0.5548311471939087,0.2672472298145294,-0.038587622344493866
174,76.46123356588714,0.59984696,True,0.025657035410404205,0.111153244972229,-0.08034683018922806,-0.5572015047073364,0.2515793442726135,-0.06103882938623428
175,77.98100912293076,0.5980315,False,0.02941673994064331,0.1169058084487915,-0.07837115973234177,-0.5553277730941772,0.24143743515014648,-0.0927729457616806
176,78.94901230564602,0.60057807,False,0.03072343021631241,0.11611869931221008,-0.07719442248344421,-0.558702290058136,0.23123899102210999,-0.08150912821292877
177,79.34357702849357,0.6014257,True,0.028090987354516983,0.11740842461585999,-0.0761527419090271,-0.562592089176178,0.22862359881401062,-0.05523458123207092
178,80.92061560372824,0.60182595,True,0.020633161067962646,0.1194906234741211,-0.07138270884752274,-0.5697365403175354,0.21446043252944946,-0.0032734062988311052
179,83.38903399327637,0.60303384,True,0.02192368358373642,0.12004083395004272,-0.07191840559244156,-0.5740654468536377,0.1894664764404297,-0.011694932356476784
180,84.87974977466384,0.6033581,True,0.021281816065311432,0.12522685527801514,-0.06933560222387314,-0.5753223896026611,0.17907434701919556,0.002808950375765562
181,86.44167495059419,0.6044979,True,0.021558184176683426,0.12342071533203125,-0.06578421592712402,-0.577144980430603,0.16093862056732178,0.008812617510557175
182,92.48850112515191,0.56601775,True,-0.06799226254224777,0.14640146493911743,-0.16362741589546204,-0.615066409111023,0.12182560563087463,-0.02051214501261711
183,90.93347116895632,0.59273446,True,-0.005900390446186066,0.14485764503479004,-0.08539425581693649,-0.5940974950790405,0.13520115613937378,-0.012833735905587673
184,91.11296927539628,0.59746087,True,-0.0028123483061790466,0.14269623160362244,-0.07317011803388596,-0.5912304520606995,0.13109129667282104,0.02973225712776184
185,92.04399880752119,0.550939,True,-0.09303589910268784,0.13472211360931396,-0.16236206889152527,-0.6102255582809448,0.11507180333137512,0.026483044028282166
186,89.47596681380395,0.58711964,True,-0.015331447124481201,0.13919216394424438,-0.0810990110039711,-0.5915887951850891,0.14456194639205933,0.031186841428279877
187,88.22808709547401,0.59607565,True,0.0028154030442237854,0.12160423398017883,-0.06783533096313477,-0.5758733153343201,0.14003536105155945,0.0738891214132309
188,88.18259343482696,0.60080874,True,0.008570797741413116,0.11684209108352661,-0.0642063170671463,-0.5739995837211609,0.13589638471603394,0.08146393299102783
189,89.0958916411505,0.60154593,True,0.009581901133060455,0.12316307425498962,-0.05968836694955826,-0.5704315900802612,0.13265487551689148,0.09953384101390839
190,90.53937482523563,0.59877366,True,0.001364968717098236,0.12638908624649048,-0.04982868954539299,-0.5596524477005005,0.12075239419937134,0.15935441851615906
191,90.55095983075307,0.59386367,True,-0.0031703561544418335,0.12601971626281738,-0.0490356907248497,-0.5521369576454163,0.12030917406082153,0.17740888893604279
192,92.70967238241546,0.5909392,True,-0.009419940412044525,0.1298360526561737,-0.04448164999485016,-0.5500961542129517,0.10189935564994812,0.1923682987689972
193,93.98947197308331,0.58919936,True,-0.01612149178981781,0.13353121280670166,-0.04210621118545532,-0.5477678775787354,0.0925387442111969,0.20854812860488892
194,94.7696831300299,0.5863628,True,-0.019246980547904968,0.13329431414604187,-0.046499449759721756,-0.5508135557174683,0.08453792333602905,0.19615484774112701
195,94.80429632240774,0.5863195,True,-0.016859352588653564,0.1283245086669922,-0.04981876164674759,-0.5545425415039062,0.07921874523162842,0.17877700924873352
196,96.03966097656613,0.589581,True,-0.011552061885595322,0.12777510285377502,-0.055917005985975266,-0.5670987367630005,0.06574124097824097,0.13150082528591156
197,97.17453252205189,0.59214956,True,-0.014391034841537476,0.12931162118911743,-0.058776967227458954,-0.5709598660469055,0.055356740951538086,0.1293795257806778
198,98.32993320820388,0.59520346,True,-0.010580562055110931,0.12910929322242737,-0.06588304787874222,-0.5770970582962036,0.04288029670715332,0.09502303600311279
199,99.08388902498787,0.5964179,True,-0.013039771467447281,0.12594959139823914,-0.06551536172628403,-0.5797802805900574,0.03178688883781433,0.09464994072914124
200,99.91103161625435,0.5972122,True,-0.016576383262872696,0.12477043271064758,-0.06689418107271194,-0.5826873779296875,0.02197900414466858,0.09315179288387299
201,99.50863549778106,0.5939871,True,-0.025661803781986237,0.12939918041229248,-0.059173181653022766,-0.5818875432014465,0.03127473592758179,0.12468868494033813
202,100.15416480060274,0.5914413,True,-0.03033812716603279,0.13228625059127808,-0.060313738882541656,-0.5807676911354065,0.028016716241836548,0.12931199371814728
203,100.63673324253925,0.58437365,True,-0.050703637301921844,0.1337340772151947,-0.05852676182985306,-0.5791212916374207,0.025869518518447876,0.16649022698402405
204,100.29215336796103,0.5771452,True,-0.0620897114276886,0.13274076581001282,-0.05715588480234146,-0.5760601758956909,0.029623687267303467,0.18429355323314667
205,99.99568356506678,0.57062954,True,-0.06986697018146515,0.13297739624977112,-0.05868202820420265,-0.5768439769744873,0.033930957317352295,0.1837683767080307
206,100.25000417075312,0.5675328,True,-0.07312040776014328,0.13535141944885254,-0.05604567378759384,-0.5782712697982788,0.034362584352493286,0.18210828304290771
207,100.05728673500629,0.56593657,True,-0.07567562907934189,0.13155394792556763,-0.059293001890182495,-0.5790267586708069,0.03272289037704468,0.17977648973464966
208,101.09356912380883,0.56491274,True,-0.07857321947813034,0.13246136903762817,-0.05786111205816269,-0.5820431709289551,0.023765474557876587,0.17415103316307068
209,102.11170545995954,0.5646452,True,-0.08269268274307251,0.13344377279281616,-0.058011509478092194,-0.5843751430511475,0.014970868825912476,0.17242951691150665
210,102.21464200448253,0.5656083,True,-0.08442153036594391,0.1340707540512085,-0.05525955557823181,-0.5892816185951233,0.014402419328689575,0.16992604732513428
211,101.66354956754815,0.5640844,True,-0.0896722599864006,0.1337597668170929,-0.054303448647260666,-0.5885452628135681,0.019722044467926025,0.18299877643585205
212,101.42180212243412,0.5618322,True,-0.0936354547739029,0.13681545853614807,-0.05212927609682083,-0.5881061553955078,0.02555564045906067,0.19030706584453583
213,100.84462284384314,0.56045157,True,-0.09539253264665604,0.13540026545524597,-0.05038721486926079,-0.5861794948577881,0.02995339035987854,0.19884178042411804
214,100.692588846832,0.5595008,True,-0.09269196540117264,0.13765192031860352,-0.05427005514502525,-0.5899882912635803,0.03384241461753845,0.1801677942276001
215,100.6980149249899,0.5612647,True,-0.09055706858634949,0.13886359333992004,-0.05524082109332085,-0.5917240381240845,0.03467458486557007,0.1749642938375473
216,100.54744127277752,0.56610125,True,-0.08523659408092499,0.13782167434692383,-0.05255855992436409,-0.5938714146614075,0.034197062253952026,0.1733245998620987
217,100.01917396317518,0.5681233,True,-0.08166909962892532,0.1397932469844818,-0.05085247382521629,-0.5949519872665405,0.040952444076538086,0.17171265184879303
218,98.99095552112546,0.5680307,True,-0.07838950306177139,0.14333122968673706,-0.04769983887672424,-0.5943363904953003,0.05456021428108215,0.17270298302173615
219,98.46891656708924,0.5686986,True,-0.0751824751496315,0.14080539345741272,-0.04382246732711792,-0.5941118597984314,0.05705153942108154,0.17323896288871765
220,98.02344144852991,0.57100993,True,-0.07096152752637863,0.14025267958641052,-0.03878610581159592,-0.5922118425369263,0.060552120208740234,0.18029901385307312
221,97.41774168621424,0.57255405,True,-0.06935819983482361,0.14162522554397583,-0.03631051257252693,-0.5921058654785156,0.06770697236061096,0.1852501928806305
222,96.62954978914043,0.5725723,True,-0.06747625768184662,0.14074105024337769,-0.03799315541982651,-0.5905972123146057,0.07463788986206055,0.185197114944458
223,95.829997331366,0.57161856,True,-0.06742119044065475,0.14088788628578186,-0.038160644471645355,-0.5883598327636719,0.08282449841499329,0.1898730844259262
224,95.28693645578122,0.5716999,True,-0.0681983232498169,0.13784706592559814,-0.03922009468078613,-0.5889475345611572,0.08516860008239746,0.1907496154308319
225,94.62580462282844,0.57293314,True,-0.06685061752796173,0.13494572043418884,-0.04358052462339401,-0.5869283676147461,0.08873990178108215,0.1922934651374817
226,93.97254733508946,0.5746437,True,-0.06552185118198395,0.13200294971466064,-0.04635530337691307,-0.5858838558197021,0.09219250082969666,0.1941729336977005
227,93.7392830030208,0.57637244,True,-0.06511850655078888,0.12894845008850098,-0.04946631193161011,-0.5870445966720581,0.0913594663143158,0.19216445088386536
228,93.62630673886288,0.5780733,True,-0.0645415186882019,0.1312832534313202,-0.046012032777071,-0.5842739343643188,0.09472084045410156,0.2044079601764679
229,94.18645130340876,0.576462,True,-0.057941120117902756,0.13849234580993652,-0.03414570912718773,-0.5817224979400635,0.09640926122665405,0.20289961993694305
230,93.80449975615136,0.57943934,True,-0.04638655111193657,0.1370079219341278,-0.02976650930941105,-0.5814875960350037,0.09856081008911133,0.18918238580226898
231,93.69363134404897,0.5790307,True,-0.04380112886428833,0.13640961050987244,-0.028002822771668434,-0.5791546106338501,0.09910765290260315,0.18944087624549866
232,93.54380906664673,0.5787561,True,-0.03820279613137245,0.1446951925754547,-0.023345142602920532,-0.57074373960495,0.10892128944396973,0.20043820142745972
233,93.32949069325831,0.5782765,True,-0.03777226433157921,0.14578518271446228,-0.024090632796287537,-0.5599590539932251,0.11220011115074158,0.22207333147525787
234,93.10509813556267,0.5784222,True,-0.03703824058175087,0.14490902423858643,-0.026937834918498993,-0.5573025941848755,0.11357724666595459,0.2238920032978058
235,92.56736133237828,0.5777679,True,-0.036746930330991745,0.14113590121269226,-0.032107874751091,-0.5552396178245544,0.11525541543960571,0.2214888334274292
236,92.61960154324875,0.5739866,True,-0.03915807604789734,0.14520803093910217,-0.029195234179496765,-0.5536462068557739,0.11897411942481995,0.22393396496772766
237,92.95694894367256,0.5715556,True,-0.04747193306684494,0.14818888902664185,-0.02316328138113022,-0.5502904057502747,0.11870485544204712,0.24698492884635925
238,92.82713891195749,0.57223904,True,-0.05008937045931816,0.14560937881469727,-0.023624535650014877,-0.5500115156173706,0.1173849105834961,0.2533930838108063
239,92.83620125855525,0.5716842,True,-0.04887259751558304,0.14651203155517578,-0.021483654156327248,-0.5501380562782288,0.1182246208190918,0.25193092226982117
240,91.8501017091357,0.5703433,True,-0.04669841378927231,0.14798256754875183,-0.020431917160749435,-0.543096125125885,0.1295691728591919,0.2598210871219635
241,91.56234580787901,0.56896883,True,-0.04821936413645744,0.14985248446464539,-0.01713644340634346,-0.5317202210426331,0.13433972001075745,0.2823828458786011
242,91.02390465637647,0.5679393,True,-0.04741634801030159,0.14825677871704102,-0.019251035526394844,-0.530767560005188,0.13810795545578003,0.27878186106681824
243,90.56546501286788,0.5658508,True,-0.04914071410894394,0.1454448103904724,-0.019679322838783264,-0.5234882831573486,0.1398603916168213,0.28878507018089294
244,90.30881294379927,0.56743985,True,-0.044263262301683426,0.14364689588546753,-0.018355004489421844,-0.5244256258010864,0.14058852195739746,0.2840069532394409
245,90.29770247161541,0.56909233,True,-0.0461747944355011,0.14609968662261963,-0.01757747307419777,-0.5251824855804443,0.14314275979995728,0.2896829843521118
246,90.84709256440654,0.5718758,True,-0.05050234496593475,0.14774242043495178,-0.010929273441433907,-0.512502908706665,0.1392877995967865,0.32600682973861694
247,90.62901580166235,0.5739339,True,-0.0463067963719368,0.14807632565498352,-0.013793658465147018,-0.5120993256568909,0.14177557826042175,0.32146409153938293
248,90.62337943839512,0.5757099,True,-0.045143011957407,0.14573875069618225,-0.016464069485664368,-0.5111416578292847,0.13947513699531555,0.3215416669845581
249,90.11140533140829,0.57885265,True,-0.03999844565987587,0.13807272911071777,-0.027186444029211998,-0.5159769654273987,0.13694721460342407,0.30222752690315247
250,90.25084048574602,0.5812775,True,-0.03964846953749657,0.13727030158042908,-0.025282133370637894,-0.49043694138526917,0.13472548127174377,0.34168756008148193
251,88.50559296476806,0.5786705,True,-0.03518986701965332,0.13123181462287903,-0.029947809875011444,-0.4576500654220581,0.14632317423820496,0.3652220368385315
252,89.78723032712712,0.5863482,True,-0.025296315550804138,0.1437688171863556,-0.043403200805187225,-0.43501895666122437,0.14594623446464539,0.37603306770324707
253,85.43137085134242,0.5756814,True,-0.03177087381482124,0.13518714904785156,-0.04305576533079147,-0.44872456789016724,0.18104198575019836,0.35122331976890564
254,84.65416274517071,0.5690764,True,-0.034094519913196564,0.13236236572265625,-0.03962963819503784,-0.44845762848854065,0.18538159132003784,0.3468158543109894
255,86.20958299743326,0.5656241,True,-0.031972698867321014,0.1372116208076477,-0.035014137625694275,-0.4404420256614685,0.17460334300994873,0.3544538915157318
256,86.01305919197635,0.55926174,True,-0.03523864224553108,0.14210379123687744,-0.029480496421456337,-0.43237680196762085,0.18098875880241394,0.36236509680747986
257,85.21483410852747,0.5552502,True,-0.033391378819942474,0.13826149702072144,-0.031208310276269913,-0.42637574672698975,0.18458038568496704,0.35830503702163696
258,84.58199399045425,0.55320114,True,-0.038059052079916,0.14241307973861694,-0.04185202345252037,-0.4414236843585968,0.19464698433876038,0.3331148028373718
259,84.3375808003497,0.5500086,True,-0.03926607593894005,0.13970249891281128,-0.040643319487571716,-0.44287845492362976,0.1939702332019806,0.3290342390537262
260,83.81541352324963,0.5438204,True,-0.037077464163303375,0.1371901035308838,-0.03892756253480911,-0.44383493065834045,0.19577690958976746,0.31724169850349426
261,84.238061683008,0.5412283,True,-0.036947522312402725,0.13287466764450073,-0.030576663091778755,-0.4328421652317047,0.18721148371696472,0.3344479501247406
262,84.67904055715739,0.5353726,True,-0.0399366058409214,0.1392516791820526,-0.026673058047890663,-0.43346887826919556,0.18889936804771423,0.33289799094200134
263,85.82563528354488,0.5319601,True,-0.04371402785181999,0.14063826203346252,-0.024303490296006203,-0.4408998191356659,0.17936068773269653,0.32744300365448
264,87.8019061807531,0.5313879,True,-0.04412645846605301,0.14838460087776184,-0.019498614594340324,-0.4563952088356018,0.16876575350761414,0.31515371799468994
265,89.69941301480536,0.5384542,True,-0.04312170296907425,0.15932556986808777,-0.024406833574175835,-0.45992404222488403,0.16215041279792786,0.31647545099258423
266,89.98099413450709,0.5348364,True,-0.04207000136375427,0.15709495544433594,-0.027416128665208817,-0.4779646694660187,0.1572723686695099,0.28249645233154297
267,90.26011872296928,0.53295326,True,-0.043277982622385025,0.15519943833351135,-0.0233144648373127,-0.4760478436946869,0.15277987718582153,0.2877218425273895
268,89.47311103430464,0.530593,True,-0.046778395771980286,0.14606276154518127,-0.024287115782499313,-0.48299479484558105,0.15094199776649475,0.277739942073822
269,88.80656258182084,0.53175235,True,-0.03968459740281105,0.13847672939300537,-0.03125506639480591,-0.48564279079437256,0.14955201745033264,0.2581567168235779
270,88.79026494137325,0.53977853,True,-0.035408344119787216,0.1381172239780426,-0.03900125250220299,-0.48303911089897156,0.14951318502426147,0.26242485642433167
271,87.69418260328682,0.5447941,True,-0.030436664819717407,0.13530629873275757,-0.04426350072026253,-0.48922494053840637,0.1572251319885254,0.24870999157428741
272,86.74634022957336,0.5458608,True,-0.022391360253095627,0.12875646352767944,-0.05092252418398857,-0.5022218823432922,0.15973764657974243,0.20747031271457672
273,86.35208341319418,0.5505639,True,-0.017291296273469925,0.13081753253936768,-0.0487021878361702,-0.4991093873977661,0.16584724187850952,0.21539026498794556
274,83.01391001535657,0.54960746,True,-0.012952540069818497,0.11686569452285767,-0.04492688924074173,-0.4903394877910614,0.18371355533599854,0.2190832942724228
275,78.83034110305839,0.54466575,True,-0.014809034764766693,0.10644614696502686,-0.054226651787757874,-0.49054521322250366,0.2119559943675995,0.18909123539924622
276,75.75865169350571,0.5401916,True,0.003344908356666565,0.10687500238418579,-0.06483737379312515,-0.4856671690940857,0.23976588249206543,0.12228331714868546
277,73.2949869134016,0.5406311,True,0.005020007491111755,0.1137147843837738,-0.06490501016378403,-0.4806652069091797,0.2691161334514618,0.11465627700090408
278,72.48011333324288,0.5431507,True,0.029879096895456314,0.11306363344192505,-0.06843818724155426,-0.4824445843696594,0.27657198905944824,0.007733658887445927
279,70.94643900956058,0.54487914,True,0.03284957632422447,0.11495265364646912,-0.061383917927742004,-0.4803776741027832,0.2928294837474823,-0.01836157590150833
280,69.05048733739237,0.54821193,False,0.040316056460142136,0.1093701720237732,-0.06854692101478577,-0.4714454412460327,0.3053807020187378,-0.08325514197349548
281,66.76391529784829,0.55139273,False,0.03681681305170059,0.11146101355552673,-0.06865304708480835,-0.46984347701072693,0.328996866941452,-0.07138780504465103
282,65.6746570684892,0.5518325,False,0.03878571838140488,0.1092720627784729,-0.06499071419239044,-0.4639798104763031,0.3365814983844757,-0.07372687757015228
283,64.53548440626386,0.5515014,True,0.03333212062716484,0.11226209998130798,-0.07033516466617584,-0.4643925726413727,0.3493812382221222,-0.05624864995479584
284,63.648190082033366,0.5444989,False,0.02997402846813202,0.11083519458770752,-0.06867991387844086,-0.4574989080429077,0.35252827405929565,-0.08950479328632355
285,64.4652973519508,0.5430481,False,0.0339837521314621,0.10724276304244995,-0.06993088126182556,-0.455514132976532,0.34132781624794006,-0.09222910553216934
286,63.94206556676074,0.5427115,False,0.042815160006284714,0.11235156655311584,-0.0668594241142273,-0.443699449300766,0.3507537245750427,-0.09854105114936829
287,64.96851075289318,0.5428292,False,0.050245776772499084,0.12362277507781982,-0.06524337828159332,-0.43735918402671814,0.35330265760421753,-0.12968003749847412
288,62.67693537752888,0.5415434,False,0.051211800426244736,0.1266276240348816,-0.07103981822729111,-0.42369982600212097,0.37519997358322144,-0.1481114774942398
289,63.03843568066991,0.53886926,False,0.055190421640872955,0.14751097559928894,-0.052932895720005035,-0.3974948227405548,0.39183035492897034,-0.21344512701034546
290,60.584079183358185,0.5402115,False,0.060259267687797546,0.13511303067207336,-0.05581876263022423,-0.3652983009815216,0.4004356563091278,-0.25664985179901123
291,58.87510235813525,0.5377514,False,0.06288227438926697,0.12722229957580566,-0.05554872006177902,-0.3579235076904297,0.4051888585090637,-0.24218648672103882
292,56.53264654227033,0.53998846,False,0.06730087101459503,0.1290629804134369,-0.03296321630477905,-0.34356147050857544,0.4268459677696228,-0.21763856709003448
293,61.37794966506292,0.5602345,False,0.08507423102855682,0.1349906325340271,-0.04200261831283569,-0.356616348028183,0.403359591960907,-0.2582206130027771
294,53.54168404145911,0.54467815,False,0.07198724150657654,0.12809395790100098,-0.03700204938650131,-0.29696202278137207,0.451762318611145,-0.2732001543045044
295,50.53671023249792,0.54454845,False,0.06819656491279602,0.12847167253494263,-0.022936372086405754,-0.2884504497051239,0.47457778453826904,-0.24552670121192932
296,51.54260591705349,0.54886824,False,0.06690871715545654,0.13069447875022888,-0.020592376589775085,-0.2807157635688782,0.4720534682273865,-0.27335235476493835
297,51.36369847621299,0.5542333,False,0.07232660055160522,0.12813830375671387,-0.030679870396852493,-0.2893609404563904,0.4741875231266022,-0.26860129833221436
298,53.1127798839903,0.56081915,False,0.0696369856595993,0.12488144636154175,-0.04129397124052048,-0.28241437673568726,0.461508572101593,-0.31925106048583984
299,54.334736808954204,0.56630343,False,0.06909304112195969,0.1284143328666687,-0.03289226070046425,-0.29010826349258423,0.4585968554019928,-0.32038748264312744
300,55.65215694053969,0.57034326,False,0.06521566212177277,0.1286931335926056,-0.034342776983976364,-0.2935912609100342,0.45048972964286804,-0.33929523825645447
301,57.12551567276064,0.5712215,False,0.05984077975153923,0.13612806797027588,-0.03098451718688011,-0.2996537983417511,0.4461873769760132,-0.34866493940353394
302,58.67959958619454,0.5738375,False,0.055594366043806076,0.14187976717948914,-0.021944276988506317,-0.2972109019756317,0.4401738941669464,-0.36229488253593445
303,58.57641940914598,0.57456446,False,0.05435795709490776,0.13893011212348938,-0.01304023340344429,-0.2953105866909027,0.4384855329990387,-0.356730192899704
304,59.58831001845735,0.5751363,False,0.046939700841903687,0.14159241318702698,-0.01655477285385132,-0.2891078591346741,0.4327320158481598,-0.3813719153404236
305,59.7982151247376,0.57650566,False,0.04389834403991699,0.142726868391037,-0.010092288255691528,-0.29186496138572693,0.43273624777793884,-0.3782177269458771
306,59.85773394990159,0.5769592,False,0.041193872690200806,0.1436554491519928,-0.008535467088222504,-0.2764382064342499,0.43337482213974,-0.3933139145374298
307,60.0422328419784,0.57607067,False,0.04351294785737991,0.14361464977264404,-0.022198684513568878,-0.26198774576187134,0.4312821626663208,-0.4168810546398163
308,60.13176454997516,0.5774174,False,0.04427293315529823,0.1414894461631775,-0.03018634021282196,-0.24537363648414612,0.4290473759174347,-0.4386298656463623
309,59.92952196520616,0.57911533,False,0.047916263341903687,0.13986408710479736,-0.023989237844944,-0.23003767430782318,0.4300384521484375,-0.4410204291343689
310,60.00322368658955,0.58170515,False,0.04733353853225708,0.14074525237083435,-0.019161924719810486,-0.21580944955348969,0.43156948685646057,-0.44876396656036377
311,61.420861132109586,0.5861987,False,0.04829421266913414,0.14161428809165955,-0.01951216161251068,-0.20425686240196228,0.42203542590141296,-0.46807748079299927
312,63.24191215899323,0.58949727,False,0.046457935124635696,0.14031782746315002,-0.01812335103750229,-0.20009538531303406,0.4057239294052124,-0.4831804931163788
313,65.04247415540907,0.5912117,False,0.048928022384643555,0.14237770438194275,-0.022308312356472015,-0.1922799050807953,0.3918372690677643,-0.5009730458259583
314,66.53117612960334,0.5923634,False,0.050269681960344315,0.14205127954483032,-0.025843709707260132,-0.176477313041687,0.3779600262641907,-0.5196323990821838
315,68.97476271758583,0.59265566,False,0.0507468655705452,0.14097806811332703,-0.03357569873332977,-0.15729239583015442,0.3536105453968048,-0.5461650490760803
316,71.9460280501178,0.59375894,False,0.05364751070737839,0.14317098259925842,-0.035400696098804474,-0.14291341602802277,0.32718443870544434,-0.5646005868911743
317,74.18281060320997,0.59626687,False,0.05044068396091461,0.1451769471168518,-0.020559504628181458,-0.12476375699043274,0.3077007532119751,-0.5668411254882812
318,75.46524625889822,0.5997341,False,0.05423212796449661,0.14935117959976196,-0.019970349967479706,-0.12406111508607864,0.2998647689819336,-0.572454035282135
319,76.27195302372641,0.60124564,False,0.05629836022853851,0.15442180633544922,-0.017315641045570374,-0.11842434108257294,0.2971056401729584,-0.5746392607688904
320,76.52817810723806,0.5973489,False,0.05692689120769501,0.16056594252586365,-0.02126859873533249,-0.09866410493850708,0.2997286021709442,-0.5809568166732788
321,75.51130840631075,0.592839,False,0.05279628559947014,0.1594243049621582,-0.016576051712036133,-0.08331267535686493,0.3077460527420044,-0.5741897821426392
322,74.44029274137404,0.59369814,False,0.04854293540120125,0.16084790229797363,-0.010951243340969086,-0.0751226395368576,0.3201029300689697,-0.5693615674972534
323,74.55926278969845,0.59264666,False,0.046871788799762726,0.16112017631530762,-0.025093868374824524,-0.0634942278265953,0.31890732049942017,-0.5855870842933655
324,74.59104968491178,0.5993162,False,0.04720953851938248,0.15944904088974,-0.014409638941287994,-0.06538891792297363,0.3186913728713989,-0.5811047554016113
325,75.4082774801899,0.60326195,False,0.04239849001169205,0.15721333026885986,-0.004373364150524139,-0.05947995185852051,0.30919283628463745,-0.5792194604873657
326,76.28469556702176,0.60729086,False,0.038529861718416214,0.15708231925964355,0.004810340702533722,-0.06362008303403854,0.30106955766677856,-0.5762535929679871
327,79.8446555888054,0.6106391,False,0.036058634519577026,0.15544858574867249,0.003306247293949127,-0.04614283889532089,0.2631150186061859,-0.5921187400817871
328,84.627938014518,0.6058148,False,0.028846994042396545,0.1619994044303894,-0.004793405532836914,-0.03242351859807968,0.2187175154685974,-0.6048272252082825
329,86.67775190083812,0.6022137,False,0.028594158589839935,0.1581849753856659,-0.013489797711372375,-0.02466435357928276,0.19308426976203918,-0.6123277544975281
330,92.45244049527132,0.59808445,False,0.026595816016197205,0.14875462651252747,-0.02377641201019287,-0.013174417428672314,0.12316253781318665,-0.6199880838394165
331,95.57261359498014,0.59678155,False,0.02947489731013775,0.14423063397407532,-0.02833142876625061,-0.014465684071183205,0.08627885580062866,-0.6206649541854858
332,96.10276772235045,0.5961395,False,0.037200525403022766,0.14689338207244873,-0.018154717981815338,-0.01937475986778736,0.08351653814315796,-0.6082097887992859
333,99.07422964873969,0.5883738,False,0.046282459050416946,0.14137804508209229,-0.025377318263053894,-0.022444289177656174,0.04858329892158508,-0.6023083925247192
334,100.86988311590305,0.57873577,False,0.05166246369481087,0.13359859585762024,-0.0308360755443573,-0.021094737574458122,0.024461030960083008,-0.5945119857788086
335,99.91904529842148,0.56476706,False,0.05786100775003433,0.13206708431243896,-0.03592308610677719,-0.019513241946697235,0.03478226065635681,-0.5868411660194397
336,97.61994211630345,0.5578206,False,0.05873192101716995,0.1388491690158844,-0.040435221046209335,-0.017474329099059105,0.06488138437271118,-0.5880529284477234
337,96.20357168421124,0.5585048,False,0.06562241166830063,0.13630741834640503,-0.040947556495666504,-0.02042071521282196,0.07595464587211609,-0.5894744396209717
338,95.91202917110952,0.5547174,False,0.06571217626333237,0.14174294471740723,-0.04912441968917847,-0.028889428824186325,0.08460628986358643,-0.5927211046218872
339,95.98329865978396,0.5395684,False,0.09274701029062271,0.16748997569084167,-0.08098594844341278,-0.014158381149172783,0.11124613881111145,-0.606858491897583
340,90.96013752065696,0.5490427,False,0.08681698143482208,0.14259576797485352,-0.05510304868221283,-0.011967025697231293,0.13339558243751526,-0.5951076745986938
341,88.11489653579815,0.56242436,False,0.08793032169342041,0.1441144049167633,-0.03466623276472092,-0.0020236107520759106,0.16261553764343262,-0.5895420908927917
342,85.8437348543622,0.56744266,False,0.08233736455440521,0.1337825357913971,-0.0272146537899971,-0.0040044658817350864,0.17490902543067932,-0.5865399837493896
343,84.20457856245686,0.5678045,False,0.08593462407588959,0.12733212113380432,-0.021584495902061462,-0.011321371421217918,0.1846671998500824,-0.5780518651008606
344,82.84767371857517,0.57852,False,0.09069408476352692,0.10712006688117981,-0.013709798455238342,-0.03584807366132736,0.17915025353431702,-0.5736063122749329
345,84.49562437370606,0.5841744,False,0.08253089338541031,0.11180424690246582,-0.011191830039024353,-0.05160544067621231,0.16783928871154785,-0.5769897699356079
346,87.07804461513055,0.58572537,False,0.08070499449968338,0.11924046277999878,-0.010584477335214615,-0.0714653879404068,0.14909818768501282,-0.5754091143608093
347,91.22814765240477,0.5743435,False,0.08228649199008942,0.10373347997665405,-0.029214803129434586,-0.09835845232009888,0.09142324328422546,-0.574271023273468
348,90.03841980695535,0.5721335,False,0.0852663591504097,0.10829341411590576,-0.028760679066181183,-0.10928105562925339,0.10790976881980896,-0.5668014287948608
349,89.77291247758401,0.5773361,False,0.08232434839010239,0.10436657071113586,-0.018168840557336807,-0.12238864600658417,0.10665479302406311,-0.557987630367279
350,89.38304419720143,0.58120286,False,0.07906933128833771,0.10268688201904297,-0.01758699119091034,-0.14189212024211884,0.1089451014995575,-0.5551124811172485
351,88.51613422610879,0.5883483,False,0.07998369634151459,0.10004529356956482,-0.001259421929717064,-0.1586688607931137,0.11528083682060242,-0.5388155579566956
352,87.204745215712,0.5897367,False,0.08380407840013504,0.10180690884590149,0.003833102062344551,-0.17223244905471802,0.13056662678718567,-0.5266455411911011
353,86.55479581862292,0.5913606,False,0.08911623060703278,0.10267239809036255,0.013385098427534103,-0.19095996022224426,0.13820958137512207,-0.5062318444252014
354,85.6537421382374,0.5884678,False,0.08478487282991409,0.10424262285232544,0.017369255423545837,-0.186448872089386,0.14883893728256226,-0.5029553771018982
355,78.42133784542807,0.5905366,False,0.08755848556756973,0.11254695057868958,0.036750391125679016,-0.17587855458259583,0.23107537627220154,-0.4783082604408264
356,74.52772084057993,0.5886851,False,0.10110442340373993,0.11938714981079102,0.046601802110672,-0.1735851764678955,0.2764319181442261,-0.44981810450553894
357,70.2428816185032,0.5730381,False,0.09247533977031708,0.1386873722076416,0.03914560750126839,-0.15724295377731323,0.3323935270309448,-0.4388621151447296
358,68.38088479909646,0.5653948,False,0.08522568643093109,0.13813146948814392,0.022753257304430008,-0.15092363953590393,0.3464425504207611,-0.4468330442905426
359,58.48930631184137,0.5489848,False,0.10103525221347809,0.16378843784332275,0.006318613886833191,-0.09880024194717407,0.45071959495544434,-0.4169078469276428
360,45.86577527249981,0.5339477,False,0.10504463315010071,0.17480874061584473,0.024234319105744362,-0.0832795575261116,0.5466187596321106,-0.3095192611217499
361,38.10438790724643,0.5348989,False,0.09144339710474014,0.16683229804039001,0.0125892274081707,-0.07852055132389069,0.5877376794815063,-0.27037313580513
362,34.084513065665455,0.5329966,False,0.07751834392547607,0.173076331615448,0.015096817165613174,-0.10505684465169907,0.6145104169845581,-0.22130882740020752
363,34.63192013149073,0.5477598,False,0.07536657154560089,0.15345731377601624,0.011942561715841293,-0.12679708003997803,0.6041649580001831,-0.22477085888385773
364,33.27345873550094,0.5446763,False,0.09773915261030197,0.14403557777404785,-0.004091016948223114,-0.10433784127235413,0.5994185209274292,-0.2242353856563568
365,30.424267375147874,0.5337402,False,0.10384036600589752,0.13714495301246643,-0.040286388248205185,-0.10341191291809082,0.597388744354248,-0.21378208696842194
366,27.806699966125297,0.5309278,False,0.10695776343345642,0.12110289931297302,-0.04372067004442215,-0.07789772748947144,0.5907225608825684,-0.20855435729026794
367,23.139746696956355,0.5261602,False,0.10964316874742508,0.12152251601219177,-0.04493007808923721,-0.04191049188375473,0.6053526401519775,-0.18558722734451294
368,17.61021545404449,0.5344976,False,0.10472352802753448,0.11063307523727417,-0.08625807613134384,-0.05234897881746292,0.6200823783874512,-0.12469448894262314
369,16.893551309136075,0.5246861,False,0.10209568589925766,0.112579345703125,-0.08456927537918091,-0.04984632134437561,0.6146233081817627,-0.09725821763277054
370,16.746344580231437,0.5211356,False,0.09877035766839981,0.12086591124534607,-0.08381647616624832,-0.04803233593702316,0.6199000477790833,-0.11537992209196091
371,15.57317469022058,0.5244553,False,0.08426202833652496,0.1302875280380249,-0.08848770707845688,-0.05652167275547981,0.6354892253875732,-0.09062071889638901
372,14.629827499496166,0.51362914,False,0.08503739535808563,0.13841184973716736,-0.06689601391553879,-0.04087195545434952,0.6353880167007446,-0.09814313054084778
373,17.391582593686334,0.51496196,False,0.09290808439254761,0.1355714201927185,-0.03103841468691826,-0.04472897946834564,0.6269915103912354,-0.09994515776634216
374,19.072960889188952,0.51714545,False,0.09203778207302094,0.13406452536582947,-0.025609783828258514,-0.05647210776805878,0.6228203773498535,-0.10624443739652634
375,19.99396887067445,0.5143213,False,0.08605228364467621,0.13362309336662292,-0.03188258036971092,-0.06700384616851807,0.6169455647468567,-0.11848308891057968
376,17.448243709857394,0.50881475,False,0.07988910377025604,0.13749375939369202,-0.059431351721286774,-0.06579415500164032,0.6228970289230347,-0.10473581403493881
377,16.00474591636715,0.5091847,False,0.08763138949871063,0.13137346506118774,-0.0702572911977768,-0.03240266442298889,0.6208215951919556,-0.14306803047657013
378,15.171829051631159,0.51766044,False,0.09185750782489777,0.1314641535282135,-0.06943398714065552,-0.022737832739949226,0.6310817003250122,-0.14170122146606445
379,13.075691585294019,0.5247857,False,0.0927690714597702,0.12997400760650635,-0.04693987965583801,-0.025813426822423935,0.64115309715271,-0.05278331786394119
380,11.914194997648215,0.52650034,False,0.0903652235865593,0.11495783925056458,-0.047729868441820145,-0.017234332859516144,0.6301162242889404,-0.06311801075935364
381,10.658241783084119,0.52087647,False,0.08316157758235931,0.10647863149642944,-0.0675094947218895,-0.012175280600786209,0.6183688640594482,-0.08135008811950684
382,9.765915879377268,0.5231628,False,0.07968632876873016,0.10378921031951904,-0.0615997314453125,-0.009053276851773262,0.6193708181381226,-0.06203746050596237
383,10.077375386302318,0.5372855,True,0.08338141441345215,0.10770687460899353,-0.09756109118461609,-0.010395731776952744,0.6367033123970032,-0.09090268611907959
384,9.983080114787382,0.5388266,True,0.07674537599086761,0.10690194368362427,-0.08410137891769409,-0.015488831326365471,0.6375701427459717,-0.06933034956455231
385,8.304325840324925,0.5346392,True,0.07242202013731003,0.10563576221466064,-0.08871612697839737,-0.0037318579852581024,0.6346691846847534,-0.07593902945518494
386,6.879028066260616,0.5202004,False,0.07475930452346802,0.11260509490966797,-0.09329269081354141,0.01749039813876152,0.629060685634613,-0.11783559620380402
387,7.262959283915184,0.51370746,False,0.07365459948778152,0.11528992652893066,-0.09916377067565918,0.02460949681699276,0.6248756051063538,-0.14173537492752075
388,6.586331639698201,0.51734513,False,0.07704875618219376,0.11049526929855347,-0.10413960367441177,0.03584334999322891,0.624426007270813,-0.14683912694454193
389,6.696062225436953,0.52220637,False,0.07663603872060776,0.10534396767616272,-0.10317111015319824,0.037742722779512405,0.6239882111549377,-0.1500217467546463
390,5.1769134514036885,0.5148248,False,0.07895392924547195,0.11986014246940613,-0.11170077323913574,0.04704611748456955,0.6325849294662476,-0.14546139538288116
391,6.119619737092104,0.51313263,False,0.06765163689851761,0.11645573377609253,-0.11556807160377502,0.04430735856294632,0.6266642808914185,-0.1650393307209015
392,6.191280896711524,0.53373957,False,0.06528361141681671,0.10732430219650269,-0.14710348844528198,0.05055628716945648,0.6379507780075073,-0.20275044441223145
393,6.1397049859837,0.52697253,False,0.05348048359155655,0.11771002411842346,-0.13001227378845215,0.05145004391670227,0.6416599154472351,-0.18633709847927094
394,3.1584571687041145,0.51516324,False,0.0421253964304924,0.13202574849128723,-0.09395996481180191,0.03264808654785156,0.6464064121246338,-0.12071491777896881
395,1.4875370165226964,0.51240844,False,0.03853432834148407,0.12769532203674316,-0.10294818878173828,0.034761134535074234,0.6399310827255249,-0.11570364236831665
396,2.0187757608162156,0.50599277,True,0.030981769785284996,0.1345948576927185,-0.10308549553155899,0.03594944253563881,0.6402735710144043,-0.0859660804271698
397,3.688226418261704,0.496546,True,0.019221117720007896,0.14204159379005432,-0.10285647213459015,0.03074773959815502,0.637559175491333,-0.07306744158267975
398,5.981828678059346,0.4941625,True,0.00598161481320858,0.14478221535682678,-0.10006017982959747,0.022188479080796242,0.6362540125846863,-0.051178958266973495
399,6.876318804966315,0.49068326,True,-0.00585384014993906,0.14639440178871155,-0.10225410759449005,0.018989525735378265,0.6335481405258179,-0.04901774972677231
400,6.725520383974492,0.49285972,True,-0.011513954028487206,0.13938242197036743,-0.10734179615974426,0.017119312658905983,0.6288505792617798,-0.05722418799996376
401,4.802649713527038,0.48776612,True,-0.02965131402015686,0.13293412327766418,-0.11308933794498444,-0.00966177973896265,0.6189876794815063,-0.07747839391231537
402,7.62560386244557,0.49688634,True,-0.02999889850616455,0.1313733160495758,-0.10300171375274658,-0.02173677086830139,0.6238653659820557,-0.03758486360311508
403,10.397256832169523,0.5014817,True,-0.028087355196475983,0.13158243894577026,-0.09858456999063492,-0.02685898169875145,0.624829888343811,-0.008089447394013405
404,9.754392837410586,0.50167614,True,-0.028442474082112312,0.12652117013931274,-0.10380332916975021,-0.0336722806096077,0.620944619178772,-0.018967822194099426
405,10.724144815607678,0.50649655,True,-0.030767157673835754,0.12283056974411011,-0.10681533813476562,-0.046070646494627,0.6204808950424194,-0.01381674688309431
406,11.246752304695509,0.5064874,True,-0.03000955656170845,0.11883431673049927,-0.10789655894041061,-0.05409873276948929,0.6155953407287598,-0.012096201069653034
407,12.513703996914423,0.5134506,True,-0.01870117522776127,0.11058646440505981,-0.11577879637479782,-0.055658742785453796,0.6118396520614624,-0.010846064426004887
408,11.973716430203387,0.519259,True,-0.020029816776514053,0.10449647903442383,-0.1183459460735321,-0.05017625913023949,0.6124578714370728,-0.014923078007996082
409,10.971080277509165,0.5190774,True,-0.022284748032689095,0.10379821062088013,-0.11354653537273407,-0.05057675391435623,0.6133886575698853,-0.018896903842687607
410,12.515043654333873,0.52387214,True,-0.02282792516052723,0.1014133095741272,-0.11594981700181961,-0.05289927124977112,0.6128377914428711,-0.006484120152890682
411,12.373345359612143,0.52624875,True,-0.020720485597848892,0.0990075170993805,-0.12215651571750641,-0.05478904768824577,0.6130326390266418,-0.014661045745015144
412,11.309650395668873,0.52500796,True,-0.023801473900675774,0.09892860054969788,-0.11915384978055954,-0.06205885112285614,0.6137418150901794,-0.023565534502267838
413,11.26043705276239,0.5291028,True,-0.01764756441116333,0.09694254398345947,-0.12592504918575287,-0.06567765772342682,0.6158599853515625,-0.03445076569914818
414,9.701702700204114,0.5312667,True,-0.018286503851413727,0.09301862120628357,-0.13289183378219604,-0.06867990642786026,0.6166873574256897,-0.058893367648124695
415,8.863238999725992,0.52948064,True,-0.025432461872696877,0.09346216917037964,-0.1264098882675171,-0.07770155370235443,0.6166202425956726,-0.06377335637807846
416,9.72326160373471,0.52937895,True,-0.024953506886959076,0.09659212827682495,-0.12570185959339142,-0.08805680274963379,0.618366539478302,-0.062365442514419556
417,10.489030818328601,0.53012437,True,-0.030232945457100868,0.09948709607124329,-0.12455601245164871,-0.10008720308542252,0.6207529306411743,-0.05796710401773453
418,12.394285680527036,0.53313106,True,-0.03077317401766777,0.10446596145629883,-0.12500901520252228,-0.11286485195159912,0.6251717209815979,-0.04528939351439476
419,13.501465558581778,0.5266213,True,-0.027473390102386475,0.11302727460861206,-0.11752691119909286,-0.11630527675151825,0.6250948309898376,-0.03252282366156578
420,12.569362171129104,0.5174843,True,-0.02780701033771038,0.11618384718894958,-0.10522377490997314,-0.11298101395368576,0.621265709400177,-0.03155098482966423
421,12.966939539769529,0.5153142,True,-0.029413698241114616,0.11614909768104553,-0.10091470927000046,-0.11377046257257462,0.6183226108551025,-0.021829897537827492
422,13.89025988365927,0.51190156,True,-0.033813536167144775,0.11859855055809021,-0.09445841610431671,-0.1203702911734581,0.6155307292938232,-0.007225926965475082
423,15.108805404374586,0.5140089,True,-0.025559663772583008,0.12027543783187866,-0.10020121186971664,-0.11950499564409256,0.6165163516998291,-0.004679905250668526
424,15.306264758382603,0.51740485,True,-0.025006191805005074,0.11883258819580078,-0.10593777149915695,-0.12093701958656311,0.6178843379020691,-0.008714204654097557
425,15.472965048542884,0.519802,True,-0.0234916303306818,0.11895394325256348,-0.10678558051586151,-0.12105892598628998,0.6199164390563965,-0.008239652961492538
426,15.408689038243478,0.5200572,True,-0.020870734006166458,0.11838841438293457,-0.10703664273023605,-0.1210862249135971,0.6197522282600403,-0.011901503428816795
427,15.91821079136867,0.52220184,True,-0.02110658772289753,0.11826252937316895,-0.10637414455413818,-0.12240064144134521,0.6204401254653931,-0.005122289061546326
428,15.824779191446265,0.5200883,True,-0.022106023505330086,0.1193491518497467,-0.10256640613079071,-0.12140481919050217,0.6197261810302734,-0.0013023503124713898
429,15.856870091892604,0.5188312,True,-0.024639958515763283,0.12015178799629211,-0.10062265396118164,-0.12156139314174652,0.6192400455474854,0.0028323382139205933
430,16.04615048316103,0.5157152,True,-0.030051598325371742,0.12249785661697388,-0.09530540555715561,-0.1221659779548645,0.6181204319000244,0.013484913855791092
431,16.420655891217482,0.5162139,True,-0.021892152726650238,0.12557333707809448,-0.0987967699766159,-0.11414121091365814,0.6207319498062134,0.014273406937718391
432,16.616832734455215,0.51629657,True,-0.02136443369090557,0.12729859352111816,-0.09945794939994812,-0.11213329434394836,0.6220338940620422,0.016990182921290398
433,16.77757109198236,0.5142379,True,-0.022322023287415504,0.12954285740852356,-0.09927435964345932,-0.1120816171169281,0.6218909621238708,0.018950732424855232
434,16.411641192080594,0.51633763,True,-0.024072403088212013,0.12673380970954895,-0.09926503151655197,-0.11442511528730392,0.6220340728759766,0.01527138240635395
435,16.547655228866915,0.5199133,True,-0.024594854563474655,0.12537094950675964,-0.10037491470575333,-0.11772036552429199,0.6237511038780212,0.014754187315702438
436,16.60167142797221,0.5251331,True,-0.023537645116448402,0.12283283472061157,-0.10568037629127502,-0.11682356148958206,0.6260753273963928,0.011833244934678078
437,16.939277401371402,0.53232956,True,-0.021677488461136818,0.11977586150169373,-0.10930248349905014,-0.1184086725115776,0.6290097832679749,0.011935412883758545
438,17.76492675146078,0.54183704,True,-0.02088085375726223,0.11611786484718323,-0.11212334781885147,-0.1205807626247406,0.6321181058883667,0.01975160278379917
439,17.848448520799646,0.5415453,True,-0.01893465965986252,0.11487138271331787,-0.10991869121789932,-0.1194959431886673,0.6303523778915405,0.022134555503726006
440,17.609572021962553,0.5402239,True,-0.007779426872730255,0.11184048652648926,-0.10349692404270172,-0.11090172827243805,0.626749575138092,0.02329518273472786
441,18.0057414858482,0.5419109,True,-0.00047132186591625214,0.10860764980316162,-0.10562275350093842,-0.11084811389446259,0.6239787340164185,0.020381392911076546
442,19.18238384166567,0.5404309,True,0.004604984074831009,0.10886329412460327,-0.1054418534040451,-0.11151543259620667,0.6192880868911743,0.028901483863592148
443,19.92151014211202,0.5409294,True,0.010285384953022003,0.10986903309822083,-0.10821658372879028,-0.10915446281433105,0.6184293031692505,0.03215835988521576
444,20.159987082243763,0.54357445,True,0.017399488016963005,0.10792407393455505,-0.11074754595756531,-0.11282562464475632,0.6181958913803101,0.023927198722958565
445,20.19008916943849,0.5438399,True,0.02017614245414734,0.10792756080627441,-0.11092331260442734,-0.11779424548149109,0.6183499693870544,0.01633593812584877
446,20.986945073000307,0.5442421,True,0.022489061579108238,0.11000004410743713,-0.11042571067810059,-0.12767672538757324,0.6181382536888123,0.013853487558662891
447,21.708088141249448,0.54509014,True,0.021869998425245285,0.11126527190208435,-0.11055964976549149,-0.1359679251909256,0.6176978349685669,0.014885839074850082
448,22.55239318533494,0.5489394,True,0.026159364730119705,0.1098012626171112,-0.10918053239583969,-0.14519169926643372,0.6167628765106201,0.013143680989742279
449,23.505805665367564,0.55138725,True,0.02908226102590561,0.10977262258529663,-0.1082458421587944,-0.15227191150188446,0.6154055595397949,0.016148142516613007
450,24.52203471258056,0.55336916,True,0.02979697473347187,0.11186680197715759,-0.10505681484937668,-0.16047939658164978,0.6153230667114258,0.023567281663417816
451,24.73621223847517,0.5520991,True,0.028207888826727867,0.1095031201839447,-0.10434279590845108,-0.1671091616153717,0.6109437942504883,0.019034363329410553
452,24.32512198249125,0.54937285,True,0.029072260484099388,0.10988757014274597,-0.10513613373041153,-0.16528001427650452,0.6104886531829834,0.01077886950224638
453,24.270344792689727,0.5485007,True,0.02947179600596428,0.11141389608383179,-0.10699644684791565,-0.1641802191734314,0.6114360094070435,0.008458342403173447
454,24.214094025695132,0.5483376,True,0.030495980754494667,0.11107268929481506,-0.1085570752620697,-0.16364450752735138,0.6111670732498169,0.0049733808264136314
455,24.20234264637334,0.55078095,True,0.03060019388794899,0.1109151542186737,-0.11621546745300293,-0.16369986534118652,0.6132843494415283,-0.0011833449825644493
456,23.688740745562875,0.5497706,True,0.026953838765621185,0.1112280786037445,-0.11409221589565277,-0.16792252659797668,0.6146758198738098,-0.010114959441125393
457,22.15832986678204,0.544188,True,0.02503880113363266,0.11112609505653381,-0.11298742145299911,-0.16284975409507751,0.6151231527328491,-0.030371466651558876
458,21.74149648629159,0.54111737,True,0.02278197556734085,0.11199495196342468,-0.1107361763715744,-0.16062653064727783,0.6146197319030762,-0.029880017042160034
459,21.444531149594617,0.5450046,True,0.016861412674188614,0.11283788084983826,-0.11995349079370499,-0.1612941324710846,0.6201128959655762,-0.030719459056854248
460,20.580598186899245,0.5394947,True,0.014648973941802979,0.11293268203735352,-0.11137878149747849,-0.15718968212604523,0.617996096611023,-0.03114808350801468
461,20.405391706677655,0.54122037,True,0.015473118051886559,0.11233729124069214,-0.11447278410196304,-0.15403026342391968,0.6195956468582153,-0.03154473006725311
462,18.382051071550304,0.5292316,True,0.0013247448951005936,0.11413002014160156,-0.11449148505926132,-0.14784938097000122,0.6163575053215027,-0.03965330123901367
463,19.211848744957592,0.5401995,True,-0.004877960309386253,0.11282715201377869,-0.12742990255355835,-0.1531093418598175,0.6229420304298401,-0.02931918017566204
464,18.657339910145005,0.5405663,True,-0.0021238913759589195,0.10827037692070007,-0.12300662696361542,-0.14741717278957367,0.620429277420044,-0.029224690049886703
465,17.35181199185547,0.5407504,True,-0.008618494495749474,0.10527536273002625,-0.12594015896320343,-0.1424592286348343,0.6214170455932617,-0.0359656997025013
466,16.259416290735157,0.5370838,True,-0.019313625991344452,0.10104209184646606,-0.12554463744163513,-0.14207066595554352,0.6166446208953857,-0.03868972882628441
467,15.486745726635437,0.5408036,True,-0.0211170744150877,0.09907367825508118,-0.129116952419281,-0.13890652358531952,0.6202418804168701,-0.045583322644233704
468,14.95303644841456,0.5421268,True,-0.02125152014195919,0.10049057006835938,-0.12486541271209717,-0.13286738097667694,0.6242596507072449,-0.04054892063140869
469,12.850191249086244,0.52646536,True,-0.012395098805427551,0.10855692625045776,-0.1052103340625763,-0.11248365044593811,0.6218369007110596,-0.04445083439350128
470,12.641081105854173,0.52834904,True,-0.010876178741455078,0.10937735438346863,-0.10619525611400604,-0.10333151370286942,0.6249192953109741,-0.03675980865955353
471,13.317256078347494,0.5335623,True,-0.009971078485250473,0.10920464992523193,-0.11371061205863953,-0.10465000569820404,0.6284192204475403,-0.035346996039152145
472,12.774360972644375,0.52972484,True,-0.007900353521108627,0.11351078748703003,-0.11456452310085297,-0.10336758196353912,0.6301240921020508,-0.04670368507504463
473,12.19157077744749,0.5279868,True,-0.005338229238986969,0.11289507150650024,-0.11609485000371933,-0.0996856838464737,0.628974199295044,-0.056672774255275726
474,11.809992757082044,0.5303274,True,-0.0038568340241909027,0.10893687605857849,-0.12019924074411392,-0.0992196649312973,0.6280381679534912,-0.06836364418268204
475,11.310869315220174,0.52330846,True,-0.007887786254286766,0.11147254705429077,-0.11131454259157181,-0.10137401521205902,0.6246170401573181,-0.06894923001527786
476,11.837942779839732,0.5228888,True,-0.002608552575111389,0.11213335394859314,-0.10827098041772842,-0.09705273807048798,0.6239012479782104,-0.05741199105978012
477,12.238637139126867,0.5242213,True,0.00604628399014473,0.1087026596069336,-0.11714603751897812,-0.095547616481781,0.6210100650787354,-0.07211548835039139
478,12.791987297686621,0.5256568,True,0.013222627341747284,0.1084919273853302,-0.11821247637271881,-0.09418661147356033,0.6211020946502686,-0.07338947057723999
479,11.19258710682575,0.5081506,True,0.008591961115598679,0.12060117721557617,-0.10119416564702988,-0.08911392092704773,0.6190868616104126,-0.08768156915903091
480,12.581737818311407,0.5195121,True,0.025288917124271393,0.11752244830131531,-0.11279236525297165,-0.08019396662712097,0.6245591044425964,-0.07180437445640564
481,13.821024327518582,0.5239894,True,0.028857875615358353,0.11942505836486816,-0.12234438210725784,-0.08503967523574829,0.6282432079315186,-0.07041816413402557
482,14.965591696503417,0.5354744,True,0.032087262719869614,0.1133318841457367,-0.12771372497081757,-0.08951430767774582,0.6306436061859131,-0.06187644600868225
483,14.25397190310343,0.5378678,True,0.02829558588564396,0.11119803786277771,-0.12522369623184204,-0.08780050277709961,0.6325069069862366,-0.061501968652009964
484,13.634329617774378,0.5401383,True,0.028536481782794,0.1085858941078186,-0.12243488430976868,-0.0827525183558464,0.6335030794143677,-0.0605795681476593
485,13.771431100762962,0.54811245,True,0.03252901881933212,0.10618531703948975,-0.12800414860248566,-0.0811220183968544,0.6385412216186523,-0.06391118466854095
486,14.10802039885405,0.55257887,True,0.03336330130696297,0.10546597838401794,-0.12596605718135834,-0.08196264505386353,0.6413779258728027,-0.056383583694696426
487,13.999872719398704,0.5540088,True,0.03232001140713692,0.10411608219146729,-0.12153103947639465,-0.08394235372543335,0.6416687369346619,-0.05485323444008827
488,13.601505286715089,0.5472075,True,0.027515295892953873,0.10513752698898315,-0.11053925007581711,-0.08859609812498093,0.6369984745979309,-0.05505874380469322
489,15.388162172459014,0.5577755,True,0.029466014355421066,0.10455149412155151,-0.11923229694366455,-0.0997551679611206,0.6423308849334717,-0.04706091061234474
490,15.731121842886836,0.55932784,True,0.029512669891119003,0.10422956943511963,-0.117609903216362,-0.10436360538005829,0.642607569694519,-0.04637842997908592
491,15.84137678217311,0.5584043,True,0.0290328711271286,0.10669657588005066,-0.11718383431434631,-0.10474035143852234,0.6438933610916138,-0.04411029443144798
492,15.722314770691273,0.5591572,True,0.029172701761126518,0.10620808601379395,-0.11916635930538177,-0.10438976436853409,0.6444451212882996,-0.047621019184589386
493,15.893899221535994,0.5593446,True,0.029732273891568184,0.10613763332366943,-0.11666452884674072,-0.10302461683750153,0.6440987586975098,-0.04024588316679001
494,15.809380591682057,0.5587648,True,0.02944178320467472,0.10557451844215393,-0.11613302677869797,-0.10147206485271454,0.6432031393051147,-0.03844717890024185
495,15.90119275514934,0.55856526,True,0.02873104065656662,0.10594415664672852,-0.1158686950802803,-0.100641630589962,0.6431362628936768,-0.034122172743082047
496,16.299570488546504,0.5576135,True,0.028918709605932236,0.10841500759124756,-0.11643830686807632,-0.10012118518352509,0.6436165571212769,-0.027890056371688843
497,16.803792298486204,0.5580158,True,0.028014501556754112,0.10876491665840149,-0.11298258602619171,-0.1007697805762291,0.6429536938667297,-0.01582999899983406
498,16.82001581890358,0.5541835,True,0.017116345465183258,0.11340847611427307,-0.11791090667247772,-0.1032709926366806,0.6438831090927124,-0.011972923763096333
